,ACADESINE,Camptothecin,Vinblastine,14913-33-8,Cytarabine,Docetaxel,Methotrexate,ATRA,Gefitinib,ABT-263,Vorinostat,Nilotinib,RDEA119,PD184352,temsirolimus,AZD-2281,ABT-888,Bosutinib,lenalidomide,Axitinib,AZD7762,GW 441756,CEP-701,SB 216763,17-AAG,VX-702,AMG-706,KU-55933,Elesclomol,BIBW2992,GDC-0449,PLX4720,BX-795,NU-7441,SL 0101-1,BIRB 0796,JNK Inhibitor VIII,ZINC46867,Nutlin-3,PD173074,ZM-447439,RO-3306,MK-2206,PD-0332991,NVP-BEZ235,GDC-0941,AZD8055,PD-0325901,SB590885,AZD6244,AZD6482,CCT007093,EHT 1864,BMS-708163,PF-4708671,JNJ-26854165,TW 37,CCT018159,AG-014699,Doxorubicin,etoposide,Gemcitabine,Mitomycin-C,Vinorelbine,NSC-87877,Bicalutamide,QS11,Midostaurin,CHIR-99021,AP-24534,JNK-9L,PF-562271,DMOG,FTI-277,OSU-03012,shikonin,AKT inhibitor VIII,embelin,FH535,pac-1,IPA-3,GSK-650394,BAY 61-3606,thapsigargin,Obatoclax Mesylate,BMS-754807,OSI-906,Bexarotene,Bleomycin,LFM-A13,Luminespib,Bryostatin 1,Pazopanib,LAQ824,Epothilone B,GSK-1904529A,Tipifarnib,AS601245
ACADESINE,1.00E+00,4.45E-01,4.86E-01,6.25E-02,5.50E-01,4.22E-01,3.64E-01,4.70E-01,3.08E-01,4.17E-01,3.54E-01,3.72E-01,3.61E-01,2.98E-01,3.84E-01,3.23E-01,3.08E-01,3.45E-01,3.13E-01,2.77E-01,3.49E-01,3.59E-01,4.91E-01,3.68E-01,3.52E-01,4.00E-01,3.30E-01,3.30E-01,2.92E-01,3.72E-01,3.06E-01,3.44E-01,3.11E-01,3.50E-01,4.28E-01,3.42E-01,3.22E-01,4.04E-01,4.18E-01,3.18E-01,3.32E-01,2.72E-01,3.37E-01,4.35E-01,3.72E-01,4.07E-01,3.68E-01,2.87E-01,3.14E-01,3.75E-01,3.78E-01,2.91E-01,3.12E-01,3.32E-01,3.07E-01,4.00E-01,3.33E-01,3.38E-01,3.65E-01,4.27E-01,4.36E-01,4.78E-01,4.54E-01,4.93E-01,3.03E-01,2.98E-01,3.93E-01,4.80E-01,3.37E-01,3.79E-01,3.44E-01,3.83E-01,4.84E-01,3.12E-01,3.30E-01,3.08E-01,3.59E-01,3.62E-01,2.46E-01,3.98E-01,4.67E-01,3.16E-01,3.80E-01,3.72E-01,3.76E-01,4.21E-01,3.77E-01,2.41E-01,4.86E-01,4.02E-01,3.90E-01,3.57E-01,3.48E-01,2.32E-01,3.12E-01,4.43E-01,3.81E-01,3.31E-01
Camptothecin,4.45E-01,1.00E+00,7.47E-01,6.25E-02,3.81E-01,5.85E-01,4.25E-01,4.77E-01,4.02E-01,5.58E-01,3.55E-01,4.76E-01,4.62E-01,3.68E-01,4.98E-01,4.15E-01,3.79E-01,4.68E-01,3.91E-01,3.68E-01,4.24E-01,5.09E-01,6.23E-01,5.31E-01,4.67E-01,5.18E-01,3.79E-01,4.13E-01,3.28E-01,4.72E-01,3.88E-01,4.66E-01,3.59E-01,4.62E-01,5.44E-01,4.69E-01,4.21E-01,4.25E-01,5.51E-01,4.32E-01,4.20E-01,3.77E-01,4.92E-01,6.04E-01,5.08E-01,5.39E-01,5.12E-01,3.48E-01,4.29E-01,4.95E-01,5.13E-01,3.30E-01,4.37E-01,4.60E-01,3.83E-01,4.62E-01,4.43E-01,4.25E-01,5.28E-01,6.08E-01,5.90E-01,4.28E-01,6.33E-01,7.50E-01,4.05E-01,3.69E-01,5.19E-01,6.64E-01,4.45E-01,4.62E-01,4.58E-01,4.90E-01,4.84E-01,3.62E-01,4.04E-01,4.17E-01,4.59E-01,3.64E-01,3.16E-01,4.47E-01,4.89E-01,4.26E-01,4.75E-01,4.58E-01,4.97E-01,5.77E-01,5.07E-01,3.05E-01,7.05E-01,4.22E-01,5.07E-01,4.32E-01,4.54E-01,3.10E-01,3.58E-01,6.42E-01,5.13E-01,4.54E-01
Vinblastine,4.86E-01,7.47E-01,1.00E+00,6.25E-02,4.23E-01,6.85E-01,4.79E-01,4.77E-01,4.36E-01,6.55E-01,3.57E-01,5.36E-01,5.02E-01,4.01E-01,5.79E-01,4.58E-01,3.92E-01,5.07E-01,4.15E-01,3.99E-01,4.89E-01,5.55E-01,7.05E-01,5.81E-01,5.03E-01,5.87E-01,4.18E-01,4.64E-01,3.27E-01,5.27E-01,4.22E-01,5.15E-01,4.11E-01,4.99E-01,6.37E-01,5.18E-01,4.67E-01,4.24E-01,6.36E-01,4.82E-01,4.60E-01,3.86E-01,5.11E-01,6.68E-01,5.67E-01,6.21E-01,5.48E-01,3.74E-01,4.58E-01,5.64E-01,5.65E-01,3.31E-01,4.46E-01,5.29E-01,3.95E-01,4.63E-01,4.92E-01,4.63E-01,5.57E-01,7.18E-01,6.65E-01,4.82E-01,7.54E-01,9.88E-01,4.28E-01,4.09E-01,5.86E-01,7.52E-01,4.91E-01,5.20E-01,4.99E-01,5.74E-01,4.84E-01,4.03E-01,4.45E-01,4.40E-01,4.87E-01,3.72E-01,3.30E-01,4.49E-01,4.88E-01,4.22E-01,5.20E-01,5.23E-01,5.56E-01,6.76E-01,5.51E-01,3.11E-01,8.45E-01,4.33E-01,5.78E-01,4.91E-01,5.13E-01,3.07E-01,3.96E-01,7.59E-01,5.48E-01,4.99E-01
14913-33-8,6.25E-02,6.25E-02,6.25E-02,1.00E+00,6.25E-02,6.25E-02,6.25E-02,6.35E-02,6.25E-02,6.25E-02,6.35E-02,6.25E-02,6.25E-02,6.25E-02,6.25E-02,6.25E-02,6.25E-02,6.25E-02,6.25E-02,6.25E-02,6.25E-02,6.25E-02,6.25E-02,6.25E-02,6.25E-02,6.25E-02,6.25E-02,6.25E-02,6.25E-02,6.25E-02,6.25E-02,6.25E-02,6.25E-02,6.25E-02,6.25E-02,6.25E-02,6.25E-02,6.45E-02,6.25E-02,6.25E-02,6.25E-02,6.25E-02,6.25E-02,6.25E-02,6.25E-02,6.25E-02,6.25E-02,6.25E-02,6.25E-02,6.25E-02,6.25E-02,6.25E-02,6.25E-02,6.25E-02,6.25E-02,6.25E-02,6.25E-02,6.25E-02,6.25E-02,6.25E-02,6.25E-02,6.25E-02,6.25E-02,6.25E-02,6.25E-02,6.25E-02,6.25E-02,6.25E-02,6.25E-02,6.25E-02,6.25E-02,6.25E-02,6.67E-02,6.25E-02,6.25E-02,6.25E-02,6.25E-02,6.25E-02,6.25E-02,6.25E-02,6.25E-02,6.25E-02,6.25E-02,6.25E-02,6.25E-02,6.25E-02,6.25E-02,6.25E-02,6.25E-02,6.25E-02,6.25E-02,6.25E-02,6.25E-02,6.25E-02,6.25E-02,6.25E-02,6.25E-02,6.25E-02
Cytarabine,5.50E-01,3.81E-01,4.23E-01,6.25E-02,1.00E+00,3.70E-01,3.22E-01,4.56E-01,2.82E-01,3.70E-01,3.53E-01,3.36E-01,3.13E-01,2.67E-01,3.60E-01,2.94E-01,2.67E-01,3.09E-01,2.90E-01,2.50E-01,3.02E-01,3.15E-01,4.51E-01,3.28E-01,3.12E-01,3.50E-01,2.86E-01,3.06E-01,2.84E-01,3.40E-01,2.76E-01,2.97E-01,3.02E-01,3.30E-01,3.76E-01,3.12E-01,2.82E-01,4.21E-01,3.66E-01,3.02E-01,3.00E-01,2.61E-01,3.13E-01,3.90E-01,3.61E-01,3.78E-01,3.38E-01,2.48E-01,2.77E-01,3.36E-01,3.54E-01,2.98E-01,2.93E-01,3.04E-01,2.93E-01,3.80E-01,3.01E-01,3.02E-01,3.18E-01,3.82E-01,3.78E-01,7.04E-01,3.97E-01,4.27E-01,2.85E-01,2.59E-01,3.55E-01,4.35E-01,3.06E-01,3.28E-01,3.22E-01,3.45E-01,4.88E-01,2.84E-01,2.89E-01,2.69E-01,3.67E-01,3.45E-01,2.44E-01,3.84E-01,4.50E-01,2.78E-01,3.23E-01,3.47E-01,3.19E-01,3.78E-01,3.48E-01,2.29E-01,4.19E-01,3.91E-01,3.43E-01,3.23E-01,3.47E-01,2.26E-01,2.98E-01,3.79E-01,3.33E-01,3.04E-01
Docetaxel,4.22E-01,5.85E-01,6.85E-01,6.25E-02,3.70E-01,1.00E+00,4.18E-01,4.78E-01,3.77E-01,5.40E-01,3.56E-01,4.69E-01,4.29E-01,3.66E-01,5.60E-01,4.09E-01,3.64E-01,4.24E-01,3.66E-01,3.53E-01,4.16E-01,4.61E-01,5.59E-01,4.84E-01,4.90E-01,4.81E-01,3.64E-01,3.90E-01,3.31E-01,4.55E-01,3.77E-01,4.24E-01,3.76E-01,4.14E-01,5.25E-01,4.30E-01,3.98E-01,4.20E-01,5.32E-01,4.13E-01,4.08E-01,3.28E-01,4.40E-01,5.29E-01,4.92E-01,4.94E-01,4.75E-01,3.47E-01,4.08E-01,4.85E-01,4.66E-01,3.26E-01,3.87E-01,4.64E-01,3.44E-01,4.56E-01,4.14E-01,4.00E-01,4.61E-01,5.99E-01,5.74E-01,4.21E-01,6.17E-01,6.91E-01,3.52E-01,3.54E-01,4.70E-01,5.91E-01,4.29E-01,4.43E-01,4.29E-01,4.72E-01,4.84E-01,3.83E-01,3.98E-01,3.83E-01,4.21E-01,3.72E-01,3.01E-01,4.42E-01,4.90E-01,3.79E-01,4.45E-01,6.28E-01,4.56E-01,5.47E-01,4.59E-01,2.96E-01,6.48E-01,4.22E-01,4.90E-01,5.57E-01,4.31E-01,2.84E-01,4.31E-01,5.86E-01,4.50E-01,4.38E-01
Methotrexate,3.64E-01,4.25E-01,4.79E-01,6.25E-02,3.22E-01,4.18E-01,1.00E+00,4.66E-01,3.11E-01,4.25E-01,3.59E-01,3.97E-01,3.28E-01,3.25E-01,3.71E-01,3.48E-01,3.47E-01,3.30E-01,4.03E-01,3.31E-01,3.62E-01,3.73E-01,4.36E-01,3.86E-01,3.32E-01,3.99E-01,3.69E-01,3.46E-01,3.28E-01,3.66E-01,3.51E-01,3.62E-01,3.61E-01,3.38E-01,3.98E-01,3.75E-01,3.41E-01,4.20E-01,3.98E-01,3.94E-01,3.68E-01,2.87E-01,3.53E-01,4.42E-01,3.98E-01,3.93E-01,4.26E-01,3.07E-01,3.23E-01,3.92E-01,4.38E-01,3.03E-01,3.24E-01,3.84E-01,3.41E-01,4.16E-01,3.76E-01,3.31E-01,3.79E-01,4.23E-01,4.13E-01,3.61E-01,4.16E-01,4.82E-01,2.98E-01,2.97E-01,4.23E-01,4.59E-01,3.54E-01,4.16E-01,3.60E-01,3.94E-01,4.84E-01,4.59E-01,3.23E-01,3.16E-01,3.86E-01,3.19E-01,2.75E-01,4.19E-01,4.63E-01,3.33E-01,3.87E-01,3.47E-01,3.55E-01,4.33E-01,4.14E-01,2.39E-01,4.68E-01,3.85E-01,4.03E-01,3.39E-01,3.58E-01,2.81E-01,2.99E-01,4.50E-01,3.93E-01,3.17E-01
ATRA,4.70E-01,4.77E-01,4.77E-01,6.35E-02,4.56E-01,4.78E-01,4.66E-01,1.00E+00,4.45E-01,4.77E-01,2.86E-01,4.58E-01,4.67E-01,4.68E-01,4.80E-01,4.45E-01,4.45E-01,4.55E-01,4.42E-01,4.49E-01,4.63E-01,4.71E-01,4.71E-01,4.65E-01,4.87E-01,4.72E-01,4.62E-01,4.42E-01,3.28E-01,4.71E-01,4.63E-01,4.69E-01,4.47E-01,4.63E-01,4.72E-01,4.44E-01,4.69E-01,3.17E-01,4.66E-01,4.71E-01,4.45E-01,4.43E-01,4.79E-01,4.78E-01,4.65E-01,4.75E-01,4.77E-01,4.53E-01,4.67E-01,4.66E-01,4.78E-01,4.08E-01,4.59E-01,4.66E-01,4.52E-01,3.93E-01,4.73E-01,4.55E-01,4.61E-01,4.74E-01,4.75E-01,4.60E-01,4.77E-01,4.77E-01,4.47E-01,4.55E-01,4.72E-01,4.77E-01,4.62E-01,4.60E-01,4.67E-01,4.70E-01,4.65E-01,4.32E-01,4.47E-01,4.63E-01,4.67E-01,4.56E-01,4.70E-01,3.76E-01,3.35E-01,4.55E-01,4.71E-01,4.76E-01,4.68E-01,4.75E-01,4.59E-01,4.33E-01,4.77E-01,4.27E-01,4.78E-01,4.87E-01,4.75E-01,4.16E-01,4.56E-01,4.76E-01,4.60E-01,4.60E-01
Gefitinib,3.08E-01,4.02E-01,4.36E-01,6.25E-02,2.82E-01,3.77E-01,3.11E-01,4.45E-01,1.00E+00,3.94E-01,3.63E-01,3.49E-01,3.82E-01,3.27E-01,3.53E-01,3.28E-01,2.98E-01,5.59E-01,2.88E-01,3.07E-01,3.21E-01,3.57E-01,3.95E-01,3.77E-01,3.27E-01,3.96E-01,3.04E-01,3.04E-01,2.79E-01,6.51E-01,3.06E-01,3.78E-01,3.33E-01,3.34E-01,3.95E-01,3.76E-01,3.30E-01,4.31E-01,3.69E-01,3.74E-01,7.80E-01,2.94E-01,3.50E-01,3.99E-01,3.65E-01,4.07E-01,3.99E-01,2.99E-01,3.29E-01,4.13E-01,3.65E-01,2.89E-01,3.65E-01,3.42E-01,3.22E-01,4.53E-01,3.28E-01,3.42E-01,3.66E-01,3.90E-01,3.79E-01,3.22E-01,3.97E-01,4.35E-01,3.51E-01,2.97E-01,3.55E-01,4.04E-01,3.34E-01,3.28E-01,3.49E-01,3.72E-01,4.80E-01,2.68E-01,2.98E-01,3.10E-01,3.38E-01,3.30E-01,2.92E-01,3.73E-01,4.84E-01,3.05E-01,3.88E-01,3.06E-01,3.43E-01,4.04E-01,3.61E-01,2.34E-01,4.28E-01,3.61E-01,3.67E-01,3.05E-01,4.15E-01,2.79E-01,2.68E-01,4.25E-01,3.70E-01,3.25E-01
ABT-263,4.17E-01,5.58E-01,6.55E-01,6.25E-02,3.70E-01,5.40E-01,4.25E-01,4.77E-01,3.94E-01,1.00E+00,3.60E-01,4.63E-01,4.35E-01,3.83E-01,4.68E-01,4.12E-01,3.62E-01,4.47E-01,3.73E-01,3.57E-01,4.19E-01,4.76E-01,5.47E-01,4.99E-01,4.38E-01,4.87E-01,3.91E-01,4.10E-01,3.16E-01,4.53E-01,4.18E-01,4.35E-01,3.89E-01,4.20E-01,4.81E-01,4.44E-01,4.06E-01,4.24E-01,5.03E-01,4.05E-01,4.25E-01,3.60E-01,4.49E-01,5.35E-01,4.71E-01,5.17E-01,4.62E-01,3.49E-01,3.88E-01,4.88E-01,4.90E-01,3.33E-01,4.11E-01,4.79E-01,3.69E-01,4.51E-01,4.39E-01,3.97E-01,4.66E-01,5.60E-01,5.09E-01,4.11E-01,5.75E-01,6.58E-01,3.88E-01,4.15E-01,4.74E-01,5.68E-01,4.12E-01,4.66E-01,4.29E-01,4.88E-01,4.84E-01,3.93E-01,4.05E-01,4.02E-01,4.09E-01,3.68E-01,3.32E-01,4.46E-01,4.80E-01,3.69E-01,4.48E-01,4.33E-01,4.57E-01,5.37E-01,4.58E-01,2.99E-01,6.20E-01,4.30E-01,4.79E-01,4.11E-01,4.61E-01,3.05E-01,3.36E-01,6.00E-01,4.53E-01,4.16E-01
Vorinostat,3.54E-01,3.55E-01,3.57E-01,6.35E-02,3.53E-01,3.56E-01,3.59E-01,2.86E-01,3.63E-01,3.60E-01,1.00E+00,3.56E-01,3.58E-01,3.54E-01,3.61E-01,3.60E-01,3.72E-01,3.58E-01,3.50E-01,3.45E-01,3.45E-01,3.66E-01,3.54E-01,3.53E-01,3.65E-01,3.49E-01,3.83E-01,3.51E-01,3.13E-01,3.58E-01,3.64E-01,3.58E-01,3.55E-01,3.62E-01,3.58E-01,3.61E-01,3.58E-01,2.86E-01,3.57E-01,3.64E-01,3.60E-01,3.55E-01,3.60E-01,3.56E-01,3.55E-01,3.60E-01,3.61E-01,3.44E-01,3.51E-01,3.53E-01,3.58E-01,3.20E-01,3.64E-01,3.59E-01,3.53E-01,3.52E-01,3.60E-01,3.62E-01,3.45E-01,3.57E-01,3.58E-01,3.42E-01,3.58E-01,3.57E-01,3.38E-01,3.90E-01,3.57E-01,3.58E-01,3.55E-01,3.62E-01,3.52E-01,3.66E-01,3.67E-01,3.50E-01,3.61E-01,3.55E-01,3.57E-01,3.35E-01,3.44E-01,3.37E-01,2.66E-01,3.44E-01,3.56E-01,3.57E-01,3.61E-01,3.58E-01,3.49E-01,3.53E-01,3.57E-01,4.35E-01,3.51E-01,3.52E-01,3.53E-01,3.43E-01,3.55E-01,3.59E-01,3.55E-01,3.50E-01
Nilotinib,3.72E-01,4.76E-01,5.36E-01,6.25E-02,3.36E-01,4.69E-01,3.97E-01,4.58E-01,3.49E-01,4.63E-01,3.56E-01,1.00E+00,3.78E-01,3.59E-01,4.06E-01,3.58E-01,3.43E-01,3.89E-01,3.72E-01,3.39E-01,3.76E-01,4.10E-01,4.82E-01,4.16E-01,3.67E-01,4.80E-01,3.93E-01,3.52E-01,3.29E-01,4.10E-01,4.25E-01,3.93E-01,3.74E-01,3.67E-01,4.21E-01,4.21E-01,3.87E-01,4.19E-01,4.40E-01,3.86E-01,4.24E-01,3.04E-01,4.10E-01,4.76E-01,4.75E-01,4.50E-01,4.33E-01,3.56E-01,4.01E-01,4.46E-01,4.59E-01,3.05E-01,3.60E-01,3.94E-01,3.59E-01,4.47E-01,3.89E-01,3.73E-01,4.46E-01,4.59E-01,4.28E-01,3.68E-01,4.86E-01,5.38E-01,3.37E-01,3.77E-01,4.26E-01,4.96E-01,4.50E-01,4.84E-01,4.96E-01,4.82E-01,4.84E-01,3.63E-01,4.10E-01,3.47E-01,4.15E-01,3.54E-01,3.14E-01,4.20E-01,4.79E-01,3.83E-01,4.95E-01,3.81E-01,4.04E-01,4.60E-01,4.36E-01,2.67E-01,5.24E-01,4.02E-01,4.42E-01,3.70E-01,4.32E-01,2.74E-01,3.14E-01,5.66E-01,4.21E-01,3.94E-01
RDEA119,3.61E-01,4.62E-01,5.02E-01,6.25E-02,3.13E-01,4.29E-01,3.28E-01,4.67E-01,3.82E-01,4.35E-01,3.58E-01,3.78E-01,1.00E+00,3.97E-01,3.88E-01,3.35E-01,3.02E-01,4.02E-01,3.10E-01,2.95E-01,3.50E-01,3.82E-01,4.44E-01,3.68E-01,3.68E-01,4.28E-01,3.05E-01,3.38E-01,3.10E-01,4.37E-01,3.22E-01,4.35E-01,3.26E-01,3.54E-01,4.32E-01,3.87E-01,3.59E-01,4.13E-01,4.13E-01,3.59E-01,3.73E-01,2.95E-01,3.67E-01,4.31E-01,3.76E-01,4.04E-01,3.93E-01,4.00E-01,3.38E-01,4.15E-01,3.79E-01,3.00E-01,3.30E-01,3.82E-01,3.04E-01,4.24E-01,3.52E-01,3.41E-01,3.74E-01,4.46E-01,4.34E-01,3.57E-01,4.44E-01,5.05E-01,3.29E-01,3.41E-01,3.91E-01,4.54E-01,3.71E-01,3.64E-01,3.67E-01,4.20E-01,4.86E-01,3.08E-01,3.27E-01,3.11E-01,3.52E-01,3.21E-01,2.88E-01,3.81E-01,4.88E-01,3.10E-01,3.81E-01,3.79E-01,3.66E-01,4.41E-01,3.61E-01,2.44E-01,4.87E-01,3.97E-01,3.94E-01,3.55E-01,3.78E-01,2.19E-01,2.93E-01,4.84E-01,3.76E-01,3.48E-01
PD184352,2.98E-01,3.68E-01,4.01E-01,6.25E-02,2.67E-01,3.66E-01,3.25E-01,4.68E-01,3.27E-01,3.83E-01,3.54E-01,3.59E-01,3.97E-01,1.00E+00,3.15E-01,3.09E-01,3.02E-01,3.54E-01,3.32E-01,2.83E-01,3.31E-01,3.32E-01,3.68E-01,3.23E-01,3.04E-01,3.69E-01,3.23E-01,2.81E-01,2.95E-01,3.53E-01,3.36E-01,3.53E-01,3.13E-01,2.88E-01,3.52E-01,3.18E-01,3.12E-01,4.20E-01,3.60E-01,2.93E-01,3.36E-01,2.85E-01,3.25E-01,3.53E-01,3.25E-01,3.59E-01,3.33E-01,8.08E-01,3.10E-01,5.69E-01,3.47E-01,3.01E-01,2.95E-01,3.34E-01,2.72E-01,3.94E-01,3.35E-01,2.97E-01,3.41E-01,3.65E-01,3.53E-01,2.89E-01,3.69E-01,4.04E-01,2.90E-01,2.99E-01,3.38E-01,3.76E-01,3.23E-01,3.57E-01,3.24E-01,3.58E-01,4.76E-01,3.03E-01,2.75E-01,3.05E-01,2.98E-01,3.35E-01,2.68E-01,3.78E-01,4.69E-01,2.83E-01,3.52E-01,3.21E-01,3.23E-01,3.57E-01,3.16E-01,2.48E-01,3.89E-01,3.73E-01,3.38E-01,2.91E-01,3.28E-01,2.19E-01,2.51E-01,3.99E-01,3.38E-01,2.92E-01
temsirolimus,3.84E-01,4.98E-01,5.79E-01,6.25E-02,3.60E-01,5.60E-01,3.71E-01,4.80E-01,3.53E-01,4.68E-01,3.61E-01,4.06E-01,3.88E-01,3.15E-01,1.00E+00,3.76E-01,3.23E-01,3.80E-01,3.44E-01,3.17E-01,3.61E-01,4.01E-01,4.89E-01,4.28E-01,5.05E-01,4.05E-01,3.10E-01,3.46E-01,3.17E-01,3.97E-01,3.33E-01,3.79E-01,3.26E-01,3.78E-01,4.64E-01,3.90E-01,3.56E-01,4.32E-01,4.57E-01,3.57E-01,3.80E-01,3.06E-01,3.76E-01,4.66E-01,4.25E-01,4.37E-01,4.09E-01,2.96E-01,3.53E-01,4.16E-01,3.96E-01,3.23E-01,3.65E-01,3.94E-01,2.98E-01,4.25E-01,3.61E-01,3.35E-01,3.95E-01,5.22E-01,4.94E-01,3.91E-01,5.48E-01,5.83E-01,3.19E-01,3.27E-01,4.09E-01,5.28E-01,3.73E-01,3.76E-01,3.86E-01,4.13E-01,4.84E-01,3.52E-01,3.26E-01,3.57E-01,3.96E-01,3.77E-01,2.66E-01,4.05E-01,4.83E-01,3.22E-01,3.86E-01,5.18E-01,4.07E-01,4.71E-01,4.11E-01,2.52E-01,5.68E-01,3.93E-01,4.28E-01,5.45E-01,3.76E-01,2.52E-01,4.11E-01,5.00E-01,4.06E-01,3.57E-01
AZD-2281,3.23E-01,4.15E-01,4.58E-01,6.25E-02,2.94E-01,4.09E-01,3.48E-01,4.45E-01,3.28E-01,4.12E-01,3.60E-01,3.58E-01,3.35E-01,3.09E-01,3.76E-01,1.00E+00,3.18E-01,3.62E-01,3.91E-01,3.85E-01,3.53E-01,3.63E-01,4.20E-01,3.82E-01,3.30E-01,3.68E-01,3.13E-01,3.23E-01,3.25E-01,3.53E-01,3.24E-01,3.77E-01,3.19E-01,3.41E-01,3.94E-01,3.62E-01,3.22E-01,4.19E-01,4.10E-01,3.48E-01,3.57E-01,3.02E-01,3.67E-01,4.04E-01,3.57E-01,4.05E-01,3.81E-01,2.99E-01,3.12E-01,3.83E-01,3.83E-01,3.08E-01,3.36E-01,3.79E-01,3.13E-01,4.39E-01,3.86E-01,3.12E-01,4.14E-01,4.17E-01,4.05E-01,3.07E-01,4.23E-01,4.60E-01,2.87E-01,3.14E-01,3.63E-01,4.41E-01,3.30E-01,4.12E-01,3.31E-01,3.54E-01,4.82E-01,3.32E-01,3.19E-01,3.15E-01,3.69E-01,3.36E-01,2.46E-01,4.49E-01,4.72E-01,3.29E-01,3.35E-01,3.11E-01,3.46E-01,4.02E-01,3.46E-01,2.98E-01,4.47E-01,3.79E-01,3.92E-01,3.23E-01,3.91E-01,3.05E-01,2.78E-01,4.21E-01,4.03E-01,3.40E-01
ABT-888,3.08E-01,3.79E-01,3.92E-01,6.25E-02,2.67E-01,3.64E-01,3.47E-01,4.45E-01,2.98E-01,3.62E-01,3.72E-01,3.43E-01,3.02E-01,3.02E-01,3.23E-01,3.18E-01,1.00E+00,3.36E-01,3.15E-01,3.14E-01,3.14E-01,3.25E-01,4.00E-01,3.42E-01,3.22E-01,3.46E-01,3.18E-01,2.87E-01,3.06E-01,3.38E-01,2.95E-01,3.58E-01,2.99E-01,2.95E-01,3.39E-01,3.09E-01,2.94E-01,4.15E-01,3.43E-01,3.14E-01,3.38E-01,2.98E-01,3.54E-01,3.72E-01,3.58E-01,3.52E-01,3.40E-01,2.94E-01,3.08E-01,3.93E-01,3.53E-01,2.85E-01,3.37E-01,3.24E-01,4.16E-01,4.19E-01,3.24E-01,2.93E-01,3.83E-01,3.84E-01,3.51E-01,3.00E-01,3.61E-01,3.95E-01,2.78E-01,2.62E-01,3.27E-01,4.04E-01,2.97E-01,3.59E-01,3.06E-01,3.30E-01,4.75E-01,3.15E-01,2.83E-01,2.93E-01,3.58E-01,3.06E-01,2.43E-01,3.88E-01,4.61E-01,3.09E-01,3.38E-01,3.08E-01,3.16E-01,3.57E-01,3.86E-01,2.46E-01,3.96E-01,3.58E-01,3.42E-01,3.04E-01,3.26E-01,2.87E-01,2.55E-01,3.80E-01,3.53E-01,3.29E-01
Bosutinib,3.45E-01,4.68E-01,5.07E-01,6.25E-02,3.09E-01,4.24E-01,3.30E-01,4.55E-01,5.59E-01,4.47E-01,3.58E-01,3.89E-01,4.02E-01,3.54E-01,3.80E-01,3.62E-01,3.36E-01,1.00E+00,3.40E-01,3.31E-01,3.58E-01,4.12E-01,4.50E-01,4.23E-01,3.53E-01,3.99E-01,3.34E-01,3.28E-01,3.03E-01,4.87E-01,3.27E-01,3.90E-01,3.28E-01,3.61E-01,4.26E-01,4.04E-01,4.11E-01,4.19E-01,4.43E-01,3.70E-01,5.42E-01,3.35E-01,3.56E-01,4.38E-01,3.96E-01,4.19E-01,4.09E-01,3.13E-01,3.59E-01,4.49E-01,3.95E-01,3.02E-01,4.00E-01,3.74E-01,3.44E-01,4.91E-01,3.57E-01,3.64E-01,4.14E-01,4.49E-01,4.43E-01,3.39E-01,4.49E-01,5.07E-01,3.83E-01,3.35E-01,3.92E-01,4.59E-01,3.76E-01,3.86E-01,3.49E-01,4.01E-01,4.84E-01,3.02E-01,3.37E-01,3.45E-01,3.59E-01,3.52E-01,2.86E-01,4.17E-01,4.85E-01,3.26E-01,3.92E-01,3.38E-01,3.88E-01,4.46E-01,3.95E-01,2.60E-01,4.77E-01,3.89E-01,3.90E-01,3.27E-01,4.05E-01,3.14E-01,2.91E-01,4.67E-01,4.12E-01,3.62E-01
lenalidomide,3.13E-01,3.91E-01,4.15E-01,6.25E-02,2.90E-01,3.66E-01,4.03E-01,4.42E-01,2.88E-01,3.73E-01,3.50E-01,3.72E-01,3.10E-01,3.32E-01,3.44E-01,3.91E-01,3.15E-01,3.40E-01,1.00E+00,3.16E-01,3.77E-01,3.41E-01,4.22E-01,3.42E-01,2.97E-01,3.43E-01,3.15E-01,2.98E-01,3.30E-01,3.12E-01,3.23E-01,3.29E-01,3.25E-01,3.08E-01,3.47E-01,3.24E-01,3.25E-01,4.13E-01,4.11E-01,3.05E-01,3.23E-01,2.85E-01,3.26E-01,3.79E-01,3.39E-01,3.72E-01,3.39E-01,3.20E-01,3.03E-01,3.62E-01,3.56E-01,3.10E-01,3.28E-01,3.80E-01,2.95E-01,4.09E-01,3.37E-01,2.92E-01,3.69E-01,3.72E-01,3.62E-01,3.13E-01,3.73E-01,4.17E-01,2.92E-01,3.02E-01,3.56E-01,4.35E-01,3.05E-01,4.02E-01,3.12E-01,3.59E-01,4.84E-01,3.71E-01,3.01E-01,3.24E-01,3.78E-01,3.02E-01,2.74E-01,4.38E-01,4.64E-01,2.98E-01,3.18E-01,2.96E-01,3.18E-01,3.72E-01,3.23E-01,2.46E-01,4.23E-01,3.62E-01,3.63E-01,2.80E-01,3.18E-01,3.01E-01,2.80E-01,4.05E-01,3.54E-01,3.03E-01
Axitinib,2.77E-01,3.68E-01,3.99E-01,6.25E-02,2.50E-01,3.53E-01,3.31E-01,4.49E-01,3.07E-01,3.57E-01,3.45E-01,3.39E-01,2.95E-01,2.83E-01,3.17E-01,3.85E-01,3.14E-01,3.31E-01,3.16E-01,1.00E+00,2.94E-01,3.99E-01,3.91E-01,3.87E-01,3.14E-01,3.34E-01,3.03E-01,3.02E-01,3.19E-01,3.33E-01,3.13E-01,3.49E-01,2.71E-01,2.98E-01,3.38E-01,3.38E-01,2.99E-01,3.93E-01,3.61E-01,3.03E-01,3.47E-01,3.10E-01,3.39E-01,3.68E-01,3.60E-01,3.74E-01,3.46E-01,2.66E-01,3.07E-01,3.44E-01,3.34E-01,2.86E-01,3.48E-01,3.43E-01,2.90E-01,4.41E-01,3.52E-01,3.09E-01,3.81E-01,3.61E-01,3.34E-01,2.73E-01,3.60E-01,4.01E-01,3.18E-01,2.90E-01,3.48E-01,3.89E-01,2.98E-01,3.56E-01,2.88E-01,3.34E-01,4.73E-01,3.17E-01,3.06E-01,2.90E-01,3.12E-01,3.02E-01,2.44E-01,3.97E-01,4.65E-01,3.11E-01,3.35E-01,2.78E-01,3.22E-01,3.66E-01,3.26E-01,2.62E-01,3.91E-01,3.51E-01,3.45E-01,2.89E-01,4.07E-01,3.10E-01,2.65E-01,3.73E-01,3.44E-01,3.33E-01
AZD7762,3.49E-01,4.24E-01,4.89E-01,6.25E-02,3.02E-01,4.16E-01,3.62E-01,4.63E-01,3.21E-01,4.19E-01,3.45E-01,3.76E-01,3.50E-01,3.31E-01,3.61E-01,3.53E-01,3.14E-01,3.58E-01,3.77E-01,2.94E-01,1.00E+00,3.64E-01,4.42E-01,3.78E-01,3.31E-01,4.14E-01,3.26E-01,3.41E-01,3.12E-01,3.57E-01,3.61E-01,3.51E-01,4.02E-01,3.64E-01,3.94E-01,3.59E-01,3.27E-01,4.17E-01,4.07E-01,3.77E-01,3.46E-01,3.05E-01,3.55E-01,4.05E-01,3.82E-01,4.30E-01,3.88E-01,3.26E-01,3.39E-01,3.97E-01,3.78E-01,3.14E-01,3.47E-01,3.96E-01,3.15E-01,4.14E-01,3.41E-01,3.51E-01,4.17E-01,4.33E-01,4.08E-01,3.33E-01,4.40E-01,4.88E-01,3.09E-01,3.09E-01,3.93E-01,4.52E-01,3.62E-01,3.79E-01,3.83E-01,3.83E-01,4.88E-01,3.58E-01,3.45E-01,3.23E-01,3.70E-01,3.26E-01,2.50E-01,4.09E-01,4.69E-01,3.32E-01,3.70E-01,3.41E-01,3.72E-01,4.40E-01,3.71E-01,2.45E-01,4.82E-01,3.78E-01,3.98E-01,3.24E-01,3.38E-01,2.65E-01,2.96E-01,4.56E-01,3.71E-01,3.49E-01
GW 441756,3.59E-01,5.09E-01,5.55E-01,6.25E-02,3.15E-01,4.61E-01,3.73E-01,4.71E-01,3.57E-01,4.76E-01,3.66E-01,4.10E-01,3.82E-01,3.32E-01,4.01E-01,3.63E-01,3.25E-01,4.12E-01,3.41E-01,3.99E-01,3.64E-01,1.00E+00,4.97E-01,6.14E-01,3.90E-01,4.23E-01,3.64E-01,3.59E-01,3.09E-01,4.13E-01,3.43E-01,4.03E-01,3.11E-01,3.93E-01,4.32E-01,4.08E-01,3.83E-01,4.29E-01,4.44E-01,3.73E-01,3.79E-01,3.51E-01,3.79E-01,4.79E-01,4.23E-01,4.44E-01,4.18E-01,3.17E-01,3.65E-01,4.42E-01,4.15E-01,3.12E-01,3.94E-01,3.90E-01,3.49E-01,4.88E-01,3.66E-01,3.60E-01,4.46E-01,4.73E-01,4.39E-01,3.44E-01,5.04E-01,5.57E-01,3.46E-01,3.53E-01,4.29E-01,4.98E-01,3.84E-01,3.98E-01,3.86E-01,4.24E-01,4.84E-01,3.22E-01,3.66E-01,3.39E-01,3.70E-01,3.54E-01,2.87E-01,3.95E-01,4.77E-01,3.33E-01,4.01E-01,3.66E-01,4.05E-01,4.83E-01,4.27E-01,2.67E-01,5.18E-01,4.28E-01,3.92E-01,3.58E-01,4.13E-01,3.69E-01,3.13E-01,5.07E-01,4.16E-01,4.11E-01
CEP-701,4.91E-01,6.23E-01,7.05E-01,6.25E-02,4.51E-01,5.59E-01,4.36E-01,4.71E-01,3.95E-01,5.47E-01,3.54E-01,4.82E-01,4.44E-01,3.68E-01,4.89E-01,4.20E-01,4.00E-01,4.50E-01,4.22E-01,3.91E-01,4.42E-01,4.97E-01,1.00E+00,5.16E-01,4.43E-01,4.94E-01,3.94E-01,4.13E-01,3.24E-01,4.68E-01,3.79E-01,4.61E-01,3.62E-01,4.47E-01,5.34E-01,4.53E-01,4.07E-01,4.23E-01,5.34E-01,4.21E-01,4.27E-01,3.64E-01,4.51E-01,5.77E-01,5.13E-01,5.38E-01,4.79E-01,3.56E-01,3.94E-01,5.18E-01,4.86E-01,3.18E-01,4.30E-01,4.56E-01,3.85E-01,4.62E-01,4.26E-01,3.94E-01,5.34E-01,5.84E-01,5.55E-01,4.59E-01,5.99E-01,7.09E-01,3.93E-01,3.59E-01,5.02E-01,8.27E-01,4.25E-01,4.65E-01,4.22E-01,4.91E-01,4.84E-01,3.76E-01,3.98E-01,3.87E-01,4.78E-01,3.65E-01,3.15E-01,4.21E-01,4.82E-01,3.98E-01,4.58E-01,4.51E-01,4.61E-01,5.64E-01,4.71E-01,2.93E-01,6.63E-01,4.17E-01,4.89E-01,4.30E-01,4.67E-01,3.26E-01,3.64E-01,6.10E-01,5.16E-01,4.27E-01
SB 216763,3.68E-01,5.31E-01,5.81E-01,6.25E-02,3.28E-01,4.84E-01,3.86E-01,4.65E-01,3.77E-01,4.99E-01,3.53E-01,4.16E-01,3.68E-01,3.23E-01,4.28E-01,3.82E-01,3.42E-01,4.23E-01,3.42E-01,3.87E-01,3.78E-01,6.14E-01,5.16E-01,1.00E+00,3.91E-01,4.37E-01,3.44E-01,3.55E-01,3.23E-01,4.21E-01,3.66E-01,4.25E-01,3.12E-01,3.91E-01,4.48E-01,4.13E-01,3.79E-01,4.29E-01,4.78E-01,3.76E-01,3.89E-01,3.76E-01,4.15E-01,4.83E-01,4.66E-01,4.57E-01,4.19E-01,3.02E-01,3.79E-01,4.54E-01,4.26E-01,3.19E-01,3.93E-01,4.19E-01,3.43E-01,4.88E-01,3.87E-01,3.67E-01,4.75E-01,4.88E-01,4.67E-01,3.65E-01,5.19E-01,5.80E-01,3.47E-01,3.46E-01,4.48E-01,5.25E-01,3.81E-01,4.10E-01,3.88E-01,4.12E-01,4.84E-01,3.25E-01,3.56E-01,3.44E-01,3.97E-01,3.54E-01,2.97E-01,4.10E-01,4.83E-01,3.48E-01,4.16E-01,3.82E-01,4.25E-01,4.85E-01,4.27E-01,2.81E-01,5.43E-01,4.04E-01,4.27E-01,3.73E-01,4.06E-01,4.24E-01,3.24E-01,5.10E-01,4.47E-01,4.05E-01
17-AAG,3.52E-01,4.67E-01,5.03E-01,6.25E-02,3.12E-01,4.90E-01,3.32E-01,4.87E-01,3.27E-01,4.38E-01,3.65E-01,3.67E-01,3.68E-01,3.04E-01,5.05E-01,3.30E-01,3.22E-01,3.53E-01,2.97E-01,3.14E-01,3.31E-01,3.90E-01,4.43E-01,3.91E-01,1.00E+00,3.70E-01,2.85E-01,3.19E-01,3.11E-01,3.83E-01,3.02E-01,3.48E-01,3.17E-01,3.36E-01,4.01E-01,3.36E-01,3.18E-01,4.12E-01,4.00E-01,3.16E-01,3.36E-01,2.81E-01,3.66E-01,4.02E-01,3.99E-01,3.87E-01,3.72E-01,2.89E-01,3.26E-01,3.92E-01,3.58E-01,3.14E-01,3.38E-01,3.68E-01,2.80E-01,4.08E-01,3.26E-01,3.05E-01,3.55E-01,4.57E-01,4.30E-01,3.42E-01,5.36E-01,5.06E-01,2.94E-01,3.08E-01,3.93E-01,4.57E-01,3.50E-01,3.63E-01,3.37E-01,3.71E-01,4.86E-01,2.85E-01,3.13E-01,3.45E-01,3.42E-01,3.87E-01,2.61E-01,3.89E-01,4.81E-01,3.01E-01,3.64E-01,4.77E-01,3.79E-01,4.47E-01,3.82E-01,2.56E-01,4.85E-01,3.96E-01,3.69E-01,4.79E-01,3.71E-01,2.30E-01,3.37E-01,4.54E-01,3.66E-01,3.38E-01
VX-702,4.00E-01,5.18E-01,5.87E-01,6.25E-02,3.50E-01,4.81E-01,3.99E-01,4.72E-01,3.96E-01,4.87E-01,3.49E-01,4.80E-01,4.28E-01,3.69E-01,4.05E-01,3.68E-01,3.46E-01,3.99E-01,3.43E-01,3.34E-01,4.14E-01,4.23E-01,4.94E-01,4.37E-01,3.70E-01,1.00E+00,4.03E-01,3.74E-01,3.08E-01,4.49E-01,4.16E-01,4.30E-01,3.85E-01,3.93E-01,4.57E-01,4.21E-01,4.05E-01,4.19E-01,4.56E-01,4.24E-01,4.16E-01,3.26E-01,4.19E-01,4.94E-01,4.45E-01,4.76E-01,4.69E-01,3.54E-01,3.87E-01,4.64E-01,4.61E-01,3.16E-01,3.65E-01,4.20E-01,3.38E-01,4.37E-01,3.93E-01,3.80E-01,4.68E-01,4.81E-01,4.68E-01,3.87E-01,5.10E-01,5.89E-01,3.43E-01,3.46E-01,4.42E-01,5.12E-01,4.47E-01,4.14E-01,4.56E-01,4.82E-01,4.84E-01,3.87E-01,3.85E-01,3.59E-01,4.03E-01,3.42E-01,2.92E-01,4.10E-01,4.87E-01,3.69E-01,4.81E-01,3.97E-01,4.09E-01,4.96E-01,4.42E-01,2.66E-01,5.62E-01,4.02E-01,4.47E-01,3.83E-01,4.56E-01,2.67E-01,3.06E-01,5.56E-01,4.29E-01,3.95E-01
AMG-706,3.30E-01,3.79E-01,4.18E-01,6.25E-02,2.86E-01,3.64E-01,3.69E-01,4.62E-01,3.04E-01,3.91E-01,3.83E-01,3.93E-01,3.05E-01,3.23E-01,3.10E-01,3.13E-01,3.18E-01,3.34E-01,3.15E-01,3.03E-01,3.26E-01,3.64E-01,3.94E-01,3.44E-01,2.85E-01,4.03E-01,1.00E+00,3.17E-01,3.05E-01,3.36E-01,3.60E-01,3.41E-01,3.46E-01,3.18E-01,3.33E-01,3.52E-01,3.90E-01,4.23E-01,3.67E-01,3.25E-01,3.79E-01,2.74E-01,3.41E-01,3.90E-01,3.45E-01,3.80E-01,3.53E-01,3.11E-01,3.10E-01,3.66E-01,4.27E-01,3.14E-01,3.11E-01,3.20E-01,3.41E-01,4.49E-01,3.76E-01,3.16E-01,3.59E-01,3.65E-01,3.48E-01,3.00E-01,3.74E-01,4.19E-01,2.95E-01,3.22E-01,3.58E-01,3.97E-01,3.45E-01,3.95E-01,3.26E-01,4.95E-01,4.78E-01,3.24E-01,3.14E-01,3.01E-01,3.31E-01,3.25E-01,2.68E-01,3.74E-01,4.75E-01,3.02E-01,3.84E-01,2.94E-01,3.26E-01,3.67E-01,3.19E-01,2.70E-01,3.96E-01,3.79E-01,3.52E-01,2.84E-01,3.42E-01,2.82E-01,2.51E-01,4.24E-01,3.50E-01,3.21E-01
KU-55933,3.30E-01,4.13E-01,4.64E-01,6.25E-02,3.06E-01,3.90E-01,3.46E-01,4.42E-01,3.04E-01,4.10E-01,3.51E-01,3.52E-01,3.38E-01,2.81E-01,3.46E-01,3.23E-01,2.87E-01,3.28E-01,2.98E-01,3.02E-01,3.41E-01,3.59E-01,4.13E-01,3.55E-01,3.19E-01,3.74E-01,3.17E-01,1.00E+00,2.89E-01,3.50E-01,3.24E-01,3.47E-01,3.22E-01,4.78E-01,4.31E-01,3.72E-01,3.38E-01,4.02E-01,3.79E-01,3.33E-01,3.24E-01,2.74E-01,3.41E-01,4.08E-01,3.77E-01,3.95E-01,3.98E-01,2.74E-01,3.22E-01,3.43E-01,3.80E-01,2.82E-01,3.27E-01,3.27E-01,3.10E-01,4.19E-01,3.62E-01,3.42E-01,3.56E-01,4.15E-01,4.07E-01,3.27E-01,4.10E-01,4.64E-01,3.18E-01,3.20E-01,3.96E-01,4.27E-01,3.33E-01,3.47E-01,3.78E-01,3.80E-01,4.88E-01,3.32E-01,3.31E-01,3.04E-01,3.32E-01,3.09E-01,2.78E-01,3.94E-01,4.88E-01,2.93E-01,3.49E-01,3.26E-01,3.39E-01,3.96E-01,3.66E-01,2.50E-01,4.42E-01,3.82E-01,3.95E-01,3.14E-01,3.56E-01,2.36E-01,2.79E-01,4.38E-01,3.50E-01,3.19E-01
Elesclomol,2.92E-01,3.28E-01,3.27E-01,6.25E-02,2.84E-01,3.31E-01,3.28E-01,3.28E-01,2.79E-01,3.16E-01,3.13E-01,3.29E-01,3.10E-01,2.95E-01,3.17E-01,3.25E-01,3.06E-01,3.03E-01,3.30E-01,3.19E-01,3.12E-01,3.09E-01,3.24E-01,3.23E-01,3.11E-01,3.08E-01,3.05E-01,2.89E-01,1.00E+00,3.07E-01,3.03E-01,3.22E-01,2.88E-01,2.92E-01,3.12E-01,3.19E-01,2.92E-01,3.27E-01,3.17E-01,3.06E-01,3.00E-01,3.00E-01,3.07E-01,3.22E-01,2.97E-01,3.04E-01,3.10E-01,2.93E-01,2.99E-01,3.15E-01,3.13E-01,2.21E-01,3.12E-01,3.38E-01,3.00E-01,2.79E-01,3.04E-01,3.11E-01,3.17E-01,3.15E-01,3.17E-01,2.89E-01,3.27E-01,3.27E-01,2.70E-01,2.99E-01,3.15E-01,3.27E-01,2.94E-01,3.28E-01,2.95E-01,3.20E-01,4.60E-01,3.16E-01,2.95E-01,3.04E-01,3.17E-01,2.21E-01,2.68E-01,3.30E-01,3.51E-01,2.81E-01,3.10E-01,2.99E-01,3.27E-01,3.26E-01,2.91E-01,2.83E-01,3.28E-01,2.54E-01,3.30E-01,2.93E-01,3.10E-01,3.11E-01,2.74E-01,3.28E-01,3.20E-01,3.09E-01
BIBW2992,3.72E-01,4.72E-01,5.27E-01,6.25E-02,3.40E-01,4.55E-01,3.66E-01,4.71E-01,6.51E-01,4.53E-01,3.58E-01,4.10E-01,4.37E-01,3.53E-01,3.97E-01,3.53E-01,3.38E-01,4.87E-01,3.12E-01,3.33E-01,3.57E-01,4.13E-01,4.68E-01,4.21E-01,3.83E-01,4.49E-01,3.36E-01,3.50E-01,3.07E-01,1.00E+00,3.54E-01,4.08E-01,3.70E-01,3.71E-01,4.60E-01,3.95E-01,3.81E-01,4.20E-01,4.28E-01,3.92E-01,5.97E-01,3.18E-01,3.90E-01,4.61E-01,4.15E-01,4.37E-01,4.41E-01,3.22E-01,3.62E-01,4.53E-01,4.14E-01,3.19E-01,3.79E-01,3.82E-01,3.44E-01,4.67E-01,3.64E-01,3.66E-01,4.12E-01,4.59E-01,4.46E-01,3.70E-01,4.67E-01,5.28E-01,3.85E-01,3.50E-01,3.97E-01,4.84E-01,3.86E-01,3.75E-01,3.98E-01,4.26E-01,4.84E-01,3.15E-01,3.49E-01,3.32E-01,3.76E-01,3.52E-01,3.00E-01,4.10E-01,4.86E-01,3.37E-01,4.23E-01,3.77E-01,3.92E-01,4.75E-01,3.93E-01,2.51E-01,5.10E-01,4.04E-01,4.11E-01,3.73E-01,4.59E-01,2.74E-01,3.07E-01,5.06E-01,4.06E-01,3.65E-01
GDC-0449,3.06E-01,3.88E-01,4.22E-01,6.25E-02,2.76E-01,3.77E-01,3.51E-01,4.63E-01,3.06E-01,4.18E-01,3.64E-01,4.25E-01,3.22E-01,3.36E-01,3.33E-01,3.24E-01,2.95E-01,3.27E-01,3.23E-01,3.13E-01,3.61E-01,3.43E-01,3.79E-01,3.66E-01,3.02E-01,4.16E-01,3.60E-01,3.24E-01,3.03E-01,3.54E-01,1.00E+00,3.48E-01,3.21E-01,3.17E-01,3.70E-01,3.39E-01,3.32E-01,4.18E-01,3.66E-01,3.62E-01,3.81E-01,2.79E-01,3.77E-01,3.85E-01,3.75E-01,3.82E-01,4.07E-01,3.13E-01,3.49E-01,3.75E-01,3.77E-01,2.94E-01,3.27E-01,3.63E-01,3.11E-01,3.98E-01,4.08E-01,3.34E-01,4.01E-01,3.79E-01,3.71E-01,2.99E-01,3.95E-01,4.24E-01,3.10E-01,3.63E-01,3.56E-01,3.76E-01,4.04E-01,3.86E-01,3.99E-01,3.77E-01,4.80E-01,3.58E-01,3.30E-01,3.08E-01,3.52E-01,3.28E-01,3.19E-01,3.91E-01,4.87E-01,3.36E-01,3.87E-01,3.17E-01,3.43E-01,3.67E-01,3.73E-01,2.61E-01,4.15E-01,3.84E-01,3.69E-01,3.04E-01,3.55E-01,2.54E-01,2.47E-01,4.41E-01,3.64E-01,3.30E-01
PLX4720,3.44E-01,4.66E-01,5.15E-01,6.25E-02,2.97E-01,4.24E-01,3.62E-01,4.69E-01,3.78E-01,4.35E-01,3.58E-01,3.93E-01,4.35E-01,3.53E-01,3.79E-01,3.77E-01,3.58E-01,3.90E-01,3.29E-01,3.49E-01,3.51E-01,4.03E-01,4.61E-01,4.25E-01,3.48E-01,4.30E-01,3.41E-01,3.47E-01,3.22E-01,4.08E-01,3.48E-01,1.00E+00,3.13E-01,3.57E-01,4.08E-01,3.77E-01,3.54E-01,4.15E-01,4.09E-01,3.62E-01,3.67E-01,3.34E-01,3.98E-01,4.59E-01,4.20E-01,4.20E-01,4.05E-01,3.51E-01,3.51E-01,4.38E-01,4.40E-01,2.97E-01,3.64E-01,3.97E-01,3.36E-01,4.71E-01,3.81E-01,3.43E-01,4.36E-01,4.49E-01,4.29E-01,3.31E-01,4.52E-01,5.16E-01,3.36E-01,3.63E-01,3.97E-01,4.76E-01,3.63E-01,4.04E-01,3.67E-01,4.21E-01,4.84E-01,3.15E-01,3.31E-01,3.24E-01,3.68E-01,3.40E-01,3.19E-01,4.08E-01,4.69E-01,3.62E-01,3.84E-01,3.61E-01,3.88E-01,4.32E-01,3.82E-01,2.76E-01,4.86E-01,3.98E-01,3.85E-01,3.43E-01,3.85E-01,2.98E-01,2.86E-01,4.83E-01,4.39E-01,3.78E-01
BX-795,3.11E-01,3.59E-01,4.11E-01,6.25E-02,3.02E-01,3.76E-01,3.61E-01,4.47E-01,3.33E-01,3.89E-01,3.55E-01,3.74E-01,3.26E-01,3.13E-01,3.26E-01,3.19E-01,2.99E-01,3.28E-01,3.25E-01,2.71E-01,4.02E-01,3.11E-01,3.62E-01,3.12E-01,3.17E-01,3.85E-01,3.46E-01,3.22E-01,2.88E-01,3.70E-01,3.21E-01,3.13E-01,1.00E+00,3.29E-01,3.38E-01,3.67E-01,3.18E-01,4.15E-01,3.58E-01,3.79E-01,3.68E-01,2.74E-01,3.24E-01,3.83E-01,3.34E-01,4.13E-01,3.78E-01,3.04E-01,3.21E-01,3.59E-01,3.65E-01,3.11E-01,3.00E-01,3.32E-01,3.22E-01,4.00E-01,3.18E-01,3.03E-01,3.48E-01,3.58E-01,3.48E-01,3.28E-01,3.75E-01,4.11E-01,2.85E-01,2.91E-01,3.59E-01,3.79E-01,3.52E-01,3.59E-01,3.55E-01,4.27E-01,4.90E-01,3.22E-01,3.20E-01,2.97E-01,3.26E-01,3.08E-01,2.38E-01,4.10E-01,4.60E-01,2.93E-01,3.61E-01,3.04E-01,3.25E-01,3.83E-01,3.39E-01,2.23E-01,4.05E-01,3.91E-01,3.56E-01,2.95E-01,3.88E-01,2.37E-01,2.58E-01,4.06E-01,3.28E-01,3.22E-01
NU-7441,3.50E-01,4.62E-01,4.99E-01,6.25E-02,3.30E-01,4.14E-01,3.38E-01,4.63E-01,3.34E-01,4.20E-01,3.62E-01,3.67E-01,3.54E-01,2.88E-01,3.78E-01,3.41E-01,2.95E-01,3.61E-01,3.08E-01,2.98E-01,3.64E-01,3.93E-01,4.47E-01,3.91E-01,3.36E-01,3.93E-01,3.18E-01,4.78E-01,2.92E-01,3.71E-01,3.17E-01,3.57E-01,3.29E-01,1.00E+00,4.62E-01,3.83E-01,3.39E-01,4.23E-01,3.99E-01,3.69E-01,3.39E-01,3.04E-01,3.66E-01,4.50E-01,4.01E-01,4.38E-01,3.98E-01,2.76E-01,3.50E-01,3.69E-01,4.18E-01,3.06E-01,3.51E-01,3.49E-01,3.20E-01,4.30E-01,3.24E-01,3.37E-01,3.82E-01,4.34E-01,4.20E-01,3.45E-01,4.44E-01,5.02E-01,3.19E-01,3.22E-01,4.01E-01,4.67E-01,3.51E-01,3.56E-01,3.84E-01,4.04E-01,4.86E-01,3.22E-01,3.48E-01,3.19E-01,3.52E-01,3.18E-01,2.42E-01,4.25E-01,4.69E-01,3.35E-01,3.65E-01,3.51E-01,3.73E-01,4.19E-01,4.04E-01,2.47E-01,4.86E-01,3.83E-01,4.05E-01,3.17E-01,3.62E-01,2.67E-01,2.93E-01,4.60E-01,4.01E-01,3.51E-01
SL 0101-1,4.28E-01,5.44E-01,6.37E-01,6.25E-02,3.76E-01,5.25E-01,3.98E-01,4.72E-01,3.95E-01,4.81E-01,3.58E-01,4.21E-01,4.32E-01,3.52E-01,4.64E-01,3.94E-01,3.39E-01,4.26E-01,3.47E-01,3.38E-01,3.94E-01,4.32E-01,5.34E-01,4.48E-01,4.01E-01,4.57E-01,3.33E-01,4.31E-01,3.12E-01,4.60E-01,3.70E-01,4.08E-01,3.38E-01,4.62E-01,1.00E+00,4.26E-01,3.78E-01,4.22E-01,4.89E-01,4.17E-01,4.12E-01,3.32E-01,4.25E-01,5.04E-01,4.65E-01,4.78E-01,4.52E-01,3.28E-01,3.96E-01,4.37E-01,4.26E-01,3.16E-01,4.11E-01,4.31E-01,3.28E-01,4.21E-01,4.04E-01,4.15E-01,4.52E-01,5.54E-01,5.52E-01,4.11E-01,5.62E-01,6.38E-01,3.67E-01,3.36E-01,4.64E-01,5.55E-01,4.01E-01,4.05E-01,4.03E-01,4.20E-01,4.84E-01,3.42E-01,3.70E-01,3.64E-01,3.99E-01,3.65E-01,2.91E-01,4.32E-01,4.78E-01,3.58E-01,4.19E-01,4.50E-01,4.31E-01,5.13E-01,4.49E-01,2.71E-01,6.14E-01,4.16E-01,4.86E-01,4.46E-01,4.13E-01,2.67E-01,3.40E-01,5.56E-01,4.52E-01,3.92E-01
BIRB 0796,3.42E-01,4.69E-01,5.18E-01,6.25E-02,3.12E-01,4.30E-01,3.75E-01,4.44E-01,3.76E-01,4.44E-01,3.61E-01,4.21E-01,3.87E-01,3.18E-01,3.90E-01,3.62E-01,3.09E-01,4.04E-01,3.24E-01,3.38E-01,3.59E-01,4.08E-01,4.53E-01,4.13E-01,3.36E-01,4.21E-01,3.52E-01,3.72E-01,3.19E-01,3.95E-01,3.39E-01,3.77E-01,3.67E-01,3.83E-01,4.26E-01,1.00E+00,3.81E-01,4.19E-01,4.36E-01,4.03E-01,4.09E-01,3.19E-01,3.69E-01,4.27E-01,4.27E-01,4.21E-01,4.38E-01,3.10E-01,3.67E-01,3.86E-01,4.24E-01,3.27E-01,3.56E-01,3.69E-01,3.18E-01,4.37E-01,3.77E-01,3.90E-01,4.02E-01,4.44E-01,4.36E-01,3.58E-01,4.61E-01,5.19E-01,3.39E-01,3.27E-01,4.18E-01,4.66E-01,3.59E-01,3.77E-01,4.06E-01,4.12E-01,4.84E-01,3.46E-01,4.50E-01,3.53E-01,3.55E-01,3.17E-01,2.81E-01,4.06E-01,4.89E-01,3.45E-01,4.00E-01,3.46E-01,3.81E-01,4.61E-01,3.99E-01,2.68E-01,4.94E-01,3.99E-01,4.03E-01,3.35E-01,4.01E-01,2.87E-01,2.89E-01,4.94E-01,3.69E-01,3.50E-01
JNK Inhibitor VIII,3.22E-01,4.21E-01,4.67E-01,6.25E-02,2.82E-01,3.98E-01,3.41E-01,4.69E-01,3.30E-01,4.06E-01,3.58E-01,3.87E-01,3.59E-01,3.12E-01,3.56E-01,3.22E-01,2.94E-01,4.11E-01,3.25E-01,2.99E-01,3.27E-01,3.83E-01,4.07E-01,3.79E-01,3.18E-01,4.05E-01,3.90E-01,3.38E-01,2.92E-01,3.81E-01,3.32E-01,3.54E-01,3.18E-01,3.39E-01,3.78E-01,3.81E-01,1.00E+00,4.14E-01,4.19E-01,3.83E-01,3.53E-01,2.83E-01,3.52E-01,4.34E-01,3.57E-01,3.88E-01,4.12E-01,2.94E-01,3.38E-01,3.71E-01,4.07E-01,2.99E-01,3.27E-01,3.53E-01,3.18E-01,4.58E-01,3.56E-01,3.68E-01,3.73E-01,4.25E-01,3.96E-01,3.20E-01,4.06E-01,4.68E-01,3.17E-01,3.32E-01,3.97E-01,4.13E-01,4.20E-01,3.77E-01,3.57E-01,4.29E-01,4.86E-01,3.11E-01,3.31E-01,3.44E-01,3.47E-01,3.14E-01,2.70E-01,4.37E-01,4.75E-01,3.08E-01,4.01E-01,3.11E-01,3.57E-01,4.11E-01,3.60E-01,2.59E-01,4.46E-01,3.91E-01,3.87E-01,3.01E-01,3.45E-01,2.68E-01,2.68E-01,4.56E-01,3.58E-01,3.48E-01
ZINC46867,4.04E-01,4.25E-01,4.24E-01,6.45E-02,4.21E-01,4.20E-01,4.20E-01,3.17E-01,4.31E-01,4.24E-01,2.86E-01,4.19E-01,4.13E-01,4.20E-01,4.32E-01,4.19E-01,4.15E-01,4.19E-01,4.13E-01,3.93E-01,4.17E-01,4.29E-01,4.23E-01,4.29E-01,4.12E-01,4.19E-01,4.23E-01,4.02E-01,3.27E-01,4.20E-01,4.18E-01,4.15E-01,4.15E-01,4.23E-01,4.22E-01,4.19E-01,4.14E-01,1.00E+00,4.21E-01,4.16E-01,4.13E-01,4.16E-01,4.14E-01,4.20E-01,4.23E-01,4.19E-01,4.26E-01,4.13E-01,4.03E-01,4.15E-01,4.18E-01,3.40E-01,4.18E-01,4.21E-01,4.19E-01,3.85E-01,4.13E-01,4.27E-01,4.13E-01,4.26E-01,4.24E-01,4.20E-01,4.25E-01,4.24E-01,4.17E-01,4.00E-01,4.16E-01,4.25E-01,4.19E-01,4.17E-01,4.21E-01,4.17E-01,4.34E-01,4.23E-01,4.03E-01,4.19E-01,4.21E-01,3.54E-01,3.83E-01,3.84E-01,3.01E-01,4.07E-01,4.11E-01,4.12E-01,4.17E-01,4.24E-01,4.12E-01,3.65E-01,4.24E-01,3.65E-01,4.13E-01,4.15E-01,4.17E-01,4.02E-01,4.11E-01,4.23E-01,4.18E-01,4.17E-01
Nutlin-3,4.18E-01,5.51E-01,6.36E-01,6.25E-02,3.66E-01,5.32E-01,3.98E-01,4.66E-01,3.69E-01,5.03E-01,3.57E-01,4.40E-01,4.13E-01,3.60E-01,4.57E-01,4.10E-01,3.43E-01,4.43E-01,4.11E-01,3.61E-01,4.07E-01,4.44E-01,5.34E-01,4.78E-01,4.00E-01,4.56E-01,3.67E-01,3.79E-01,3.17E-01,4.28E-01,3.66E-01,4.09E-01,3.58E-01,3.99E-01,4.89E-01,4.36E-01,4.19E-01,4.21E-01,1.00E+00,4.12E-01,3.96E-01,3.49E-01,4.30E-01,5.13E-01,4.48E-01,4.93E-01,4.57E-01,3.43E-01,3.89E-01,4.58E-01,4.57E-01,3.23E-01,3.91E-01,4.55E-01,3.46E-01,4.49E-01,4.14E-01,4.12E-01,4.41E-01,5.41E-01,5.17E-01,4.02E-01,5.47E-01,6.40E-01,3.56E-01,3.45E-01,4.74E-01,5.56E-01,4.19E-01,4.67E-01,4.11E-01,4.57E-01,4.84E-01,3.41E-01,3.77E-01,3.96E-01,4.21E-01,3.54E-01,2.94E-01,4.68E-01,4.86E-01,3.55E-01,4.26E-01,4.14E-01,4.57E-01,5.15E-01,4.43E-01,2.80E-01,5.98E-01,4.10E-01,4.73E-01,3.95E-01,4.28E-01,3.14E-01,3.38E-01,5.70E-01,4.58E-01,4.16E-01
PD173074,3.18E-01,4.32E-01,4.82E-01,6.25E-02,3.02E-01,4.13E-01,3.94E-01,4.71E-01,3.74E-01,4.05E-01,3.64E-01,3.86E-01,3.59E-01,2.93E-01,3.57E-01,3.48E-01,3.14E-01,3.70E-01,3.05E-01,3.03E-01,3.77E-01,3.73E-01,4.21E-01,3.76E-01,3.16E-01,4.24E-01,3.25E-01,3.33E-01,3.06E-01,3.92E-01,3.62E-01,3.62E-01,3.79E-01,3.69E-01,4.17E-01,4.03E-01,3.83E-01,4.16E-01,4.12E-01,1.00E+00,3.70E-01,3.16E-01,4.26E-01,4.61E-01,4.18E-01,4.35E-01,5.29E-01,2.72E-01,3.80E-01,3.95E-01,4.14E-01,3.08E-01,3.29E-01,3.71E-01,3.38E-01,4.23E-01,3.42E-01,3.96E-01,3.78E-01,4.29E-01,4.03E-01,3.44E-01,4.23E-01,4.82E-01,3.42E-01,3.11E-01,4.28E-01,4.33E-01,4.07E-01,3.48E-01,3.80E-01,3.91E-01,4.86E-01,3.16E-01,3.56E-01,3.21E-01,3.85E-01,3.33E-01,2.54E-01,4.15E-01,4.75E-01,4.27E-01,4.71E-01,3.38E-01,3.62E-01,4.37E-01,4.17E-01,2.41E-01,4.59E-01,3.94E-01,3.97E-01,3.30E-01,3.91E-01,2.40E-01,2.77E-01,4.76E-01,3.95E-01,3.69E-01
ZM-447439,3.32E-01,4.20E-01,4.60E-01,6.25E-02,3.00E-01,4.08E-01,3.68E-01,4.45E-01,7.80E-01,4.25E-01,3.60E-01,4.24E-01,3.73E-01,3.36E-01,3.80E-01,3.57E-01,3.38E-01,5.42E-01,3.23E-01,3.47E-01,3.46E-01,3.79E-01,4.27E-01,3.89E-01,3.36E-01,4.16E-01,3.79E-01,3.24E-01,3.00E-01,5.97E-01,3.81E-01,3.67E-01,3.68E-01,3.39E-01,4.12E-01,4.09E-01,3.53E-01,4.13E-01,3.96E-01,3.70E-01,1.00E+00,3.03E-01,3.65E-01,4.24E-01,3.90E-01,4.25E-01,4.19E-01,3.16E-01,3.43E-01,4.22E-01,4.06E-01,3.00E-01,3.81E-01,3.45E-01,3.50E-01,4.80E-01,4.02E-01,3.43E-01,3.91E-01,4.21E-01,4.02E-01,3.36E-01,4.17E-01,4.60E-01,3.46E-01,3.15E-01,3.69E-01,4.36E-01,3.36E-01,3.95E-01,3.60E-01,4.17E-01,4.84E-01,3.18E-01,3.17E-01,3.32E-01,3.63E-01,3.34E-01,2.96E-01,3.98E-01,4.75E-01,3.16E-01,4.06E-01,3.28E-01,3.63E-01,4.24E-01,3.83E-01,2.67E-01,4.54E-01,3.85E-01,3.92E-01,3.36E-01,4.36E-01,3.02E-01,2.90E-01,4.61E-01,3.82E-01,3.39E-01
RO-3306,2.72E-01,3.77E-01,3.86E-01,6.25E-02,2.61E-01,3.28E-01,2.87E-01,4.43E-01,2.94E-01,3.60E-01,3.55E-01,3.04E-01,2.95E-01,2.85E-01,3.06E-01,3.02E-01,2.98E-01,3.35E-01,2.85E-01,3.10E-01,3.05E-01,3.51E-01,3.64E-01,3.76E-01,2.81E-01,3.26E-01,2.74E-01,2.74E-01,3.00E-01,3.18E-01,2.79E-01,3.34E-01,2.74E-01,3.04E-01,3.32E-01,3.19E-01,2.83E-01,4.16E-01,3.49E-01,3.16E-01,3.03E-01,1.00E+00,3.43E-01,3.58E-01,3.56E-01,3.49E-01,3.34E-01,2.79E-01,2.99E-01,3.27E-01,3.16E-01,3.32E-01,3.48E-01,2.96E-01,2.81E-01,4.29E-01,2.78E-01,2.89E-01,3.50E-01,3.38E-01,3.26E-01,2.77E-01,3.51E-01,3.85E-01,3.12E-01,2.75E-01,3.09E-01,3.72E-01,2.90E-01,2.93E-01,2.98E-01,3.19E-01,4.78E-01,2.61E-01,2.77E-01,2.88E-01,3.03E-01,2.93E-01,2.33E-01,3.78E-01,4.71E-01,2.99E-01,2.95E-01,2.81E-01,2.94E-01,3.38E-01,3.41E-01,2.20E-01,3.75E-01,3.54E-01,3.02E-01,2.71E-01,3.04E-01,3.43E-01,2.54E-01,3.47E-01,3.55E-01,3.07E-01
MK-2206,3.37E-01,4.92E-01,5.11E-01,6.25E-02,3.13E-01,4.40E-01,3.53E-01,4.79E-01,3.50E-01,4.49E-01,3.60E-01,4.10E-01,3.67E-01,3.25E-01,3.76E-01,3.67E-01,3.54E-01,3.56E-01,3.26E-01,3.39E-01,3.55E-01,3.79E-01,4.51E-01,4.15E-01,3.66E-01,4.19E-01,3.41E-01,3.41E-01,3.07E-01,3.90E-01,3.77E-01,3.98E-01,3.24E-01,3.66E-01,4.25E-01,3.69E-01,3.52E-01,4.14E-01,4.30E-01,4.26E-01,3.65E-01,3.43E-01,1.00E+00,4.51E-01,4.99E-01,4.58E-01,4.58E-01,3.06E-01,4.16E-01,4.11E-01,4.35E-01,2.94E-01,3.70E-01,3.89E-01,3.38E-01,4.39E-01,3.67E-01,4.08E-01,4.75E-01,4.66E-01,4.22E-01,3.49E-01,4.59E-01,5.10E-01,3.43E-01,3.21E-01,4.36E-01,4.58E-01,4.10E-01,3.89E-01,3.91E-01,3.99E-01,4.84E-01,3.32E-01,3.66E-01,3.57E-01,4.76E-01,3.44E-01,2.77E-01,4.26E-01,4.85E-01,4.73E-01,4.31E-01,3.59E-01,3.80E-01,4.43E-01,4.72E-01,2.76E-01,4.90E-01,3.93E-01,4.43E-01,3.36E-01,3.99E-01,2.92E-01,2.87E-01,4.98E-01,4.52E-01,3.82E-01
PD-0332991,4.35E-01,6.04E-01,6.68E-01,6.25E-02,3.90E-01,5.29E-01,4.42E-01,4.78E-01,3.99E-01,5.35E-01,3.56E-01,4.76E-01,4.31E-01,3.53E-01,4.66E-01,4.04E-01,3.72E-01,4.38E-01,3.79E-01,3.68E-01,4.05E-01,4.79E-01,5.77E-01,4.83E-01,4.02E-01,4.94E-01,3.90E-01,4.08E-01,3.22E-01,4.61E-01,3.85E-01,4.59E-01,3.83E-01,4.50E-01,5.04E-01,4.27E-01,4.34E-01,4.20E-01,5.13E-01,4.61E-01,4.24E-01,3.58E-01,4.51E-01,1.00E+00,4.88E-01,5.12E-01,5.18E-01,3.31E-01,4.00E-01,4.79E-01,5.38E-01,3.25E-01,3.90E-01,4.41E-01,3.70E-01,4.51E-01,4.38E-01,4.07E-01,4.60E-01,5.57E-01,5.28E-01,4.23E-01,5.67E-01,6.71E-01,3.83E-01,3.60E-01,4.92E-01,6.04E-01,4.29E-01,4.43E-01,4.42E-01,4.95E-01,4.84E-01,3.59E-01,4.03E-01,3.89E-01,4.42E-01,3.69E-01,3.18E-01,4.23E-01,4.79E-01,3.95E-01,5.17E-01,4.10E-01,4.44E-01,5.58E-01,4.62E-01,2.89E-01,6.29E-01,4.15E-01,4.70E-01,4.08E-01,4.62E-01,2.87E-01,3.41E-01,5.96E-01,4.95E-01,4.33E-01
NVP-BEZ235,3.72E-01,5.08E-01,5.67E-01,6.25E-02,3.61E-01,4.92E-01,3.98E-01,4.65E-01,3.65E-01,4.71E-01,3.55E-01,4.75E-01,3.76E-01,3.25E-01,4.25E-01,3.57E-01,3.58E-01,3.96E-01,3.39E-01,3.60E-01,3.82E-01,4.23E-01,5.13E-01,4.66E-01,3.99E-01,4.45E-01,3.45E-01,3.77E-01,2.97E-01,4.15E-01,3.75E-01,4.20E-01,3.34E-01,4.01E-01,4.65E-01,4.27E-01,3.57E-01,4.23E-01,4.48E-01,4.18E-01,3.90E-01,3.56E-01,4.99E-01,4.88E-01,1.00E+00,4.70E-01,4.59E-01,3.18E-01,4.01E-01,4.60E-01,4.36E-01,3.25E-01,3.98E-01,4.12E-01,3.60E-01,4.43E-01,3.92E-01,3.80E-01,4.45E-01,5.08E-01,4.75E-01,3.90E-01,4.97E-01,5.65E-01,3.66E-01,3.38E-01,4.58E-01,5.26E-01,3.84E-01,3.97E-01,4.29E-01,4.20E-01,4.84E-01,3.47E-01,3.91E-01,3.58E-01,4.92E-01,3.55E-01,3.01E-01,4.09E-01,4.89E-01,4.17E-01,4.27E-01,3.93E-01,4.06E-01,4.89E-01,4.54E-01,2.84E-01,5.40E-01,4.06E-01,4.42E-01,3.80E-01,4.21E-01,2.92E-01,3.17E-01,5.17E-01,4.79E-01,3.86E-01
GDC-0941,4.07E-01,5.39E-01,6.21E-01,6.25E-02,3.78E-01,4.94E-01,3.93E-01,4.75E-01,4.07E-01,5.17E-01,3.60E-01,4.50E-01,4.04E-01,3.59E-01,4.37E-01,4.05E-01,3.52E-01,4.19E-01,3.72E-01,3.74E-01,4.30E-01,4.44E-01,5.38E-01,4.57E-01,3.87E-01,4.76E-01,3.80E-01,3.95E-01,3.04E-01,4.37E-01,3.82E-01,4.20E-01,4.13E-01,4.38E-01,4.78E-01,4.21E-01,3.88E-01,4.19E-01,4.93E-01,4.35E-01,4.25E-01,3.49E-01,4.58E-01,5.12E-01,4.70E-01,1.00E+00,4.99E-01,3.39E-01,4.05E-01,4.73E-01,4.86E-01,3.29E-01,4.10E-01,4.45E-01,3.97E-01,4.36E-01,3.93E-01,3.90E-01,4.65E-01,5.30E-01,4.93E-01,4.09E-01,5.39E-01,6.23E-01,3.76E-01,3.45E-01,4.78E-01,5.64E-01,4.29E-01,4.33E-01,4.49E-01,4.67E-01,4.84E-01,3.49E-01,3.75E-01,3.74E-01,4.46E-01,3.48E-01,2.97E-01,4.38E-01,4.78E-01,3.68E-01,4.59E-01,4.00E-01,4.33E-01,5.03E-01,4.74E-01,2.73E-01,5.78E-01,4.10E-01,4.66E-01,3.81E-01,4.54E-01,2.96E-01,3.22E-01,5.83E-01,4.65E-01,4.32E-01
AZD8055,3.68E-01,5.12E-01,5.48E-01,6.25E-02,3.38E-01,4.75E-01,4.26E-01,4.77E-01,3.99E-01,4.62E-01,3.61E-01,4.33E-01,3.93E-01,3.33E-01,4.09E-01,3.81E-01,3.40E-01,4.09E-01,3.39E-01,3.46E-01,3.88E-01,4.18E-01,4.79E-01,4.19E-01,3.72E-01,4.69E-01,3.53E-01,3.98E-01,3.10E-01,4.41E-01,4.07E-01,4.05E-01,3.78E-01,3.98E-01,4.52E-01,4.38E-01,4.12E-01,4.26E-01,4.57E-01,5.29E-01,4.19E-01,3.34E-01,4.58E-01,5.18E-01,4.59E-01,4.99E-01,1.00E+00,3.19E-01,4.43E-01,4.42E-01,4.89E-01,3.12E-01,3.63E-01,4.07E-01,3.93E-01,4.22E-01,3.95E-01,4.32E-01,4.56E-01,4.92E-01,4.71E-01,3.70E-01,4.88E-01,5.49E-01,3.49E-01,3.45E-01,4.84E-01,5.03E-01,4.54E-01,4.05E-01,4.60E-01,4.38E-01,4.86E-01,3.48E-01,3.84E-01,3.64E-01,4.16E-01,3.47E-01,2.79E-01,4.13E-01,4.80E-01,4.19E-01,5.02E-01,3.78E-01,3.76E-01,4.83E-01,4.74E-01,2.87E-01,5.30E-01,3.91E-01,4.47E-01,3.80E-01,4.27E-01,2.74E-01,3.17E-01,5.55E-01,4.43E-01,3.89E-01
PD-0325901,2.87E-01,3.48E-01,3.74E-01,6.25E-02,2.48E-01,3.47E-01,3.07E-01,4.53E-01,2.99E-01,3.49E-01,3.44E-01,3.56E-01,4.00E-01,8.08E-01,2.96E-01,2.99E-01,2.94E-01,3.13E-01,3.20E-01,2.66E-01,3.26E-01,3.17E-01,3.56E-01,3.02E-01,2.89E-01,3.54E-01,3.11E-01,2.74E-01,2.93E-01,3.22E-01,3.13E-01,3.51E-01,3.04E-01,2.76E-01,3.28E-01,3.10E-01,2.94E-01,4.13E-01,3.43E-01,2.72E-01,3.16E-01,2.79E-01,3.06E-01,3.31E-01,3.18E-01,3.39E-01,3.19E-01,1.00E+00,2.95E-01,5.22E-01,3.38E-01,2.87E-01,2.78E-01,3.24E-01,2.67E-01,3.92E-01,3.09E-01,2.83E-01,3.36E-01,3.53E-01,3.33E-01,2.78E-01,3.46E-01,3.77E-01,2.76E-01,2.90E-01,3.17E-01,3.58E-01,2.98E-01,3.38E-01,3.13E-01,3.44E-01,4.68E-01,3.04E-01,2.74E-01,2.93E-01,2.88E-01,3.09E-01,2.59E-01,3.57E-01,4.53E-01,2.77E-01,3.30E-01,3.03E-01,2.98E-01,3.34E-01,2.97E-01,2.37E-01,3.64E-01,3.60E-01,3.13E-01,2.82E-01,3.12E-01,2.18E-01,2.37E-01,3.78E-01,3.13E-01,2.78E-01
SB590885,3.14E-01,4.29E-01,4.58E-01,6.25E-02,2.77E-01,4.08E-01,3.23E-01,4.67E-01,3.29E-01,3.88E-01,3.51E-01,4.01E-01,3.38E-01,3.10E-01,3.53E-01,3.12E-01,3.08E-01,3.59E-01,3.03E-01,3.07E-01,3.39E-01,3.65E-01,3.94E-01,3.79E-01,3.26E-01,3.87E-01,3.10E-01,3.22E-01,2.99E-01,3.62E-01,3.49E-01,3.51E-01,3.21E-01,3.50E-01,3.96E-01,3.67E-01,3.38E-01,4.03E-01,3.89E-01,3.80E-01,3.43E-01,2.99E-01,4.16E-01,4.00E-01,4.01E-01,4.05E-01,4.43E-01,2.95E-01,1.00E+00,3.81E-01,3.91E-01,2.86E-01,3.22E-01,3.51E-01,3.14E-01,4.02E-01,3.38E-01,4.54E-01,3.99E-01,4.22E-01,4.06E-01,3.07E-01,4.24E-01,4.55E-01,3.00E-01,3.02E-01,4.03E-01,4.13E-01,4.37E-01,3.58E-01,3.75E-01,3.64E-01,4.86E-01,3.02E-01,3.42E-01,3.20E-01,4.28E-01,3.16E-01,2.55E-01,3.95E-01,4.70E-01,4.09E-01,4.20E-01,3.29E-01,3.54E-01,3.94E-01,3.98E-01,2.67E-01,4.44E-01,3.61E-01,4.26E-01,3.19E-01,3.51E-01,2.59E-01,2.74E-01,4.85E-01,3.94E-01,3.63E-01
AZD6244,3.75E-01,4.95E-01,5.64E-01,6.25E-02,3.36E-01,4.85E-01,3.92E-01,4.66E-01,4.13E-01,4.88E-01,3.53E-01,4.46E-01,4.15E-01,5.69E-01,4.16E-01,3.83E-01,3.93E-01,4.49E-01,3.62E-01,3.44E-01,3.97E-01,4.42E-01,5.18E-01,4.54E-01,3.92E-01,4.64E-01,3.66E-01,3.43E-01,3.15E-01,4.53E-01,3.75E-01,4.38E-01,3.59E-01,3.69E-01,4.37E-01,3.86E-01,3.71E-01,4.15E-01,4.58E-01,3.95E-01,4.22E-01,3.27E-01,4.11E-01,4.79E-01,4.60E-01,4.73E-01,4.42E-01,5.22E-01,3.81E-01,1.00E+00,4.43E-01,3.11E-01,3.73E-01,4.07E-01,3.72E-01,4.50E-01,4.04E-01,3.63E-01,4.60E-01,4.88E-01,4.64E-01,3.71E-01,5.03E-01,5.67E-01,3.56E-01,3.36E-01,4.47E-01,5.24E-01,3.97E-01,4.35E-01,4.00E-01,4.41E-01,4.84E-01,3.25E-01,3.52E-01,3.57E-01,4.34E-01,3.50E-01,3.12E-01,4.17E-01,4.78E-01,3.58E-01,4.33E-01,3.97E-01,3.98E-01,4.91E-01,4.10E-01,2.78E-01,5.25E-01,4.08E-01,4.14E-01,3.76E-01,4.31E-01,2.80E-01,3.04E-01,5.27E-01,4.41E-01,3.88E-01
AZD6482,3.78E-01,5.13E-01,5.65E-01,6.25E-02,3.54E-01,4.66E-01,4.38E-01,4.78E-01,3.65E-01,4.90E-01,3.58E-01,4.59E-01,3.79E-01,3.47E-01,3.96E-01,3.83E-01,3.53E-01,3.95E-01,3.56E-01,3.34E-01,3.78E-01,4.15E-01,4.86E-01,4.26E-01,3.58E-01,4.61E-01,4.27E-01,3.80E-01,3.13E-01,4.14E-01,3.77E-01,4.40E-01,3.65E-01,4.18E-01,4.26E-01,4.24E-01,4.07E-01,4.18E-01,4.57E-01,4.14E-01,4.06E-01,3.16E-01,4.35E-01,5.38E-01,4.36E-01,4.86E-01,4.89E-01,3.38E-01,3.91E-01,4.43E-01,1.00E+00,3.22E-01,3.53E-01,4.08E-01,4.04E-01,4.54E-01,3.96E-01,3.72E-01,4.55E-01,4.96E-01,4.63E-01,3.80E-01,4.93E-01,5.66E-01,3.31E-01,3.44E-01,4.53E-01,5.05E-01,4.17E-01,4.62E-01,4.36E-01,4.78E-01,4.84E-01,3.68E-01,3.84E-01,3.53E-01,4.05E-01,3.61E-01,2.88E-01,4.25E-01,4.81E-01,3.96E-01,4.42E-01,3.56E-01,4.00E-01,4.75E-01,4.32E-01,2.99E-01,5.38E-01,4.13E-01,4.40E-01,3.46E-01,4.16E-01,2.96E-01,3.04E-01,5.40E-01,4.26E-01,3.94E-01
CCT007093,2.91E-01,3.30E-01,3.31E-01,6.25E-02,2.98E-01,3.26E-01,3.03E-01,4.08E-01,2.89E-01,3.33E-01,3.20E-01,3.05E-01,3.00E-01,3.01E-01,3.23E-01,3.08E-01,2.85E-01,3.02E-01,3.10E-01,2.86E-01,3.14E-01,3.12E-01,3.18E-01,3.19E-01,3.14E-01,3.16E-01,3.14E-01,2.82E-01,2.21E-01,3.19E-01,2.94E-01,2.97E-01,3.11E-01,3.06E-01,3.16E-01,3.27E-01,2.99E-01,3.40E-01,3.23E-01,3.08E-01,3.00E-01,3.32E-01,2.94E-01,3.25E-01,3.25E-01,3.29E-01,3.12E-01,2.87E-01,2.86E-01,3.11E-01,3.22E-01,1.00E+00,3.09E-01,2.99E-01,2.92E-01,2.52E-01,2.86E-01,2.74E-01,3.12E-01,3.19E-01,3.28E-01,3.17E-01,3.31E-01,3.31E-01,2.90E-01,2.87E-01,3.09E-01,3.29E-01,3.06E-01,3.23E-01,2.94E-01,3.23E-01,4.21E-01,2.87E-01,2.99E-01,3.46E-01,3.01E-01,3.14E-01,2.76E-01,2.54E-01,3.46E-01,2.88E-01,2.88E-01,3.30E-01,3.21E-01,3.24E-01,2.96E-01,2.65E-01,3.36E-01,2.67E-01,3.17E-01,3.14E-01,3.15E-01,2.91E-01,3.35E-01,3.28E-01,3.14E-01,2.97E-01
EHT 1864,3.12E-01,4.37E-01,4.46E-01,6.25E-02,2.93E-01,3.87E-01,3.24E-01,4.59E-01,3.65E-01,4.11E-01,3.64E-01,3.60E-01,3.30E-01,2.95E-01,3.65E-01,3.36E-01,3.37E-01,4.00E-01,3.28E-01,3.48E-01,3.47E-01,3.94E-01,4.30E-01,3.93E-01,3.38E-01,3.65E-01,3.11E-01,3.27E-01,3.12E-01,3.79E-01,3.27E-01,3.64E-01,3.00E-01,3.51E-01,4.11E-01,3.56E-01,3.27E-01,4.18E-01,3.91E-01,3.29E-01,3.81E-01,3.48E-01,3.70E-01,3.90E-01,3.98E-01,4.10E-01,3.63E-01,2.78E-01,3.22E-01,3.73E-01,3.53E-01,3.09E-01,1.00E+00,3.45E-01,3.73E-01,4.56E-01,3.32E-01,3.18E-01,3.89E-01,4.06E-01,3.96E-01,3.21E-01,4.16E-01,4.49E-01,3.72E-01,3.41E-01,3.57E-01,4.34E-01,3.31E-01,3.72E-01,3.56E-01,3.44E-01,4.84E-01,3.01E-01,3.20E-01,3.27E-01,3.56E-01,3.28E-01,2.61E-01,4.11E-01,4.83E-01,3.04E-01,3.37E-01,3.25E-01,3.51E-01,3.77E-01,3.71E-01,2.37E-01,4.42E-01,3.83E-01,3.71E-01,2.99E-01,3.55E-01,3.53E-01,2.73E-01,4.13E-01,3.79E-01,3.39E-01
BMS-708163,3.32E-01,4.60E-01,5.29E-01,6.25E-02,3.04E-01,4.64E-01,3.84E-01,4.66E-01,3.42E-01,4.79E-01,3.59E-01,3.94E-01,3.82E-01,3.34E-01,3.94E-01,3.79E-01,3.24E-01,3.74E-01,3.80E-01,3.43E-01,3.96E-01,3.90E-01,4.56E-01,4.19E-01,3.68E-01,4.20E-01,3.20E-01,3.27E-01,3.38E-01,3.82E-01,3.63E-01,3.97E-01,3.32E-01,3.49E-01,4.31E-01,3.69E-01,3.53E-01,4.21E-01,4.55E-01,3.71E-01,3.45E-01,2.96E-01,3.89E-01,4.41E-01,4.12E-01,4.45E-01,4.07E-01,3.24E-01,3.51E-01,4.07E-01,4.08E-01,2.99E-01,3.45E-01,1.00E+00,3.12E-01,4.41E-01,3.72E-01,3.51E-01,4.22E-01,4.56E-01,4.28E-01,3.38E-01,4.66E-01,5.30E-01,3.21E-01,3.32E-01,4.09E-01,4.74E-01,3.75E-01,3.95E-01,3.80E-01,4.18E-01,4.84E-01,3.60E-01,3.32E-01,3.48E-01,3.91E-01,3.49E-01,3.26E-01,4.28E-01,4.78E-01,3.41E-01,3.93E-01,3.84E-01,3.84E-01,4.37E-01,3.94E-01,2.66E-01,5.11E-01,3.91E-01,4.32E-01,3.66E-01,3.75E-01,2.79E-01,3.06E-01,4.88E-01,4.02E-01,3.85E-01
PF-4708671,3.07E-01,3.83E-01,3.95E-01,6.25E-02,2.93E-01,3.44E-01,3.41E-01,4.52E-01,3.22E-01,3.69E-01,3.53E-01,3.59E-01,3.04E-01,2.72E-01,2.98E-01,3.13E-01,4.16E-01,3.44E-01,2.95E-01,2.90E-01,3.15E-01,3.49E-01,3.85E-01,3.43E-01,2.80E-01,3.38E-01,3.41E-01,3.10E-01,3.00E-01,3.44E-01,3.11E-01,3.36E-01,3.22E-01,3.20E-01,3.28E-01,3.18E-01,3.18E-01,4.19E-01,3.46E-01,3.38E-01,3.50E-01,2.81E-01,3.38E-01,3.70E-01,3.60E-01,3.97E-01,3.93E-01,2.67E-01,3.14E-01,3.72E-01,4.04E-01,2.92E-01,3.73E-01,3.12E-01,1.00E+00,4.32E-01,3.04E-01,3.06E-01,3.66E-01,3.62E-01,3.45E-01,3.06E-01,3.54E-01,3.95E-01,2.89E-01,2.95E-01,3.53E-01,3.91E-01,3.41E-01,3.74E-01,3.37E-01,3.71E-01,4.84E-01,3.08E-01,3.05E-01,2.86E-01,3.53E-01,3.13E-01,2.52E-01,3.88E-01,4.71E-01,3.01E-01,3.44E-01,2.83E-01,3.39E-01,3.69E-01,3.72E-01,2.35E-01,3.83E-01,3.74E-01,3.39E-01,2.77E-01,3.57E-01,2.77E-01,2.49E-01,3.89E-01,3.53E-01,3.28E-01
JNJ-26854165,4.00E-01,4.62E-01,4.63E-01,6.25E-02,3.80E-01,4.56E-01,4.16E-01,3.93E-01,4.53E-01,4.51E-01,3.52E-01,4.47E-01,4.24E-01,3.94E-01,4.25E-01,4.39E-01,4.19E-01,4.91E-01,4.09E-01,4.41E-01,4.14E-01,4.88E-01,4.62E-01,4.88E-01,4.08E-01,4.37E-01,4.49E-01,4.19E-01,2.79E-01,4.67E-01,3.98E-01,4.71E-01,4.00E-01,4.30E-01,4.21E-01,4.37E-01,4.58E-01,3.85E-01,4.49E-01,4.23E-01,4.80E-01,4.29E-01,4.39E-01,4.51E-01,4.43E-01,4.36E-01,4.22E-01,3.92E-01,4.02E-01,4.50E-01,4.54E-01,2.52E-01,4.56E-01,4.41E-01,4.32E-01,1.00E+00,4.27E-01,3.96E-01,4.86E-01,4.53E-01,4.45E-01,3.97E-01,4.56E-01,4.63E-01,4.20E-01,4.28E-01,4.27E-01,4.63E-01,4.21E-01,4.43E-01,4.36E-01,4.67E-01,4.48E-01,4.06E-01,4.16E-01,4.21E-01,4.22E-01,2.61E-01,3.85E-01,3.50E-01,4.27E-01,3.93E-01,4.18E-01,4.03E-01,4.26E-01,4.48E-01,4.42E-01,3.71E-01,4.58E-01,3.44E-01,4.40E-01,4.21E-01,4.63E-01,5.92E-01,3.61E-01,4.62E-01,4.51E-01,4.47E-01
TW 37,3.33E-01,4.43E-01,4.92E-01,6.25E-02,3.01E-01,4.14E-01,3.76E-01,4.73E-01,3.28E-01,4.39E-01,3.60E-01,3.89E-01,3.52E-01,3.35E-01,3.61E-01,3.86E-01,3.24E-01,3.57E-01,3.37E-01,3.52E-01,3.41E-01,3.66E-01,4.26E-01,3.87E-01,3.26E-01,3.93E-01,3.76E-01,3.62E-01,3.04E-01,3.64E-01,4.08E-01,3.81E-01,3.18E-01,3.24E-01,4.04E-01,3.77E-01,3.56E-01,4.13E-01,4.14E-01,3.42E-01,4.02E-01,2.78E-01,3.67E-01,4.38E-01,3.92E-01,3.93E-01,3.95E-01,3.09E-01,3.38E-01,4.04E-01,3.96E-01,2.86E-01,3.32E-01,3.72E-01,3.04E-01,4.27E-01,1.00E+00,3.62E-01,3.87E-01,4.67E-01,4.52E-01,3.27E-01,4.33E-01,4.90E-01,3.32E-01,3.46E-01,4.06E-01,4.47E-01,3.33E-01,4.21E-01,3.39E-01,3.93E-01,4.84E-01,3.25E-01,3.34E-01,3.61E-01,3.64E-01,3.23E-01,2.78E-01,4.46E-01,4.68E-01,3.38E-01,3.65E-01,3.31E-01,3.64E-01,4.27E-01,3.79E-01,3.44E-01,4.70E-01,4.14E-01,4.07E-01,3.27E-01,3.95E-01,2.57E-01,2.92E-01,4.73E-01,3.86E-01,3.40E-01
CCT018159,3.38E-01,4.25E-01,4.63E-01,6.25E-02,3.02E-01,4.00E-01,3.31E-01,4.55E-01,3.42E-01,3.97E-01,3.62E-01,3.73E-01,3.41E-01,2.97E-01,3.35E-01,3.12E-01,2.93E-01,3.64E-01,2.92E-01,3.09E-01,3.51E-01,3.60E-01,3.94E-01,3.67E-01,3.05E-01,3.80E-01,3.16E-01,3.42E-01,3.11E-01,3.66E-01,3.34E-01,3.43E-01,3.03E-01,3.37E-01,4.15E-01,3.90E-01,3.68E-01,4.27E-01,4.12E-01,3.96E-01,3.43E-01,2.89E-01,4.08E-01,4.07E-01,3.80E-01,3.90E-01,4.32E-01,2.83E-01,4.54E-01,3.63E-01,3.72E-01,2.74E-01,3.18E-01,3.51E-01,3.06E-01,3.96E-01,3.62E-01,1.00E+00,3.91E-01,4.13E-01,4.10E-01,3.23E-01,4.17E-01,4.60E-01,3.12E-01,3.10E-01,3.93E-01,4.13E-01,3.85E-01,3.61E-01,3.66E-01,3.71E-01,4.86E-01,3.19E-01,4.06E-01,3.16E-01,3.63E-01,3.21E-01,2.58E-01,4.19E-01,4.89E-01,3.63E-01,4.33E-01,3.21E-01,3.66E-01,4.10E-01,3.70E-01,2.56E-01,4.53E-01,3.78E-01,5.01E-01,3.13E-01,3.61E-01,2.43E-01,2.62E-01,4.66E-01,3.92E-01,3.34E-01
AG-014699,3.65E-01,5.28E-01,5.57E-01,6.25E-02,3.18E-01,4.61E-01,3.79E-01,4.61E-01,3.66E-01,4.66E-01,3.45E-01,4.46E-01,3.74E-01,3.41E-01,3.95E-01,4.14E-01,3.83E-01,4.14E-01,3.69E-01,3.81E-01,4.17E-01,4.46E-01,5.34E-01,4.75E-01,3.55E-01,4.68E-01,3.59E-01,3.56E-01,3.17E-01,4.12E-01,4.01E-01,4.36E-01,3.48E-01,3.82E-01,4.52E-01,4.02E-01,3.73E-01,4.13E-01,4.41E-01,3.78E-01,3.91E-01,3.50E-01,4.75E-01,4.60E-01,4.45E-01,4.65E-01,4.56E-01,3.36E-01,3.99E-01,4.60E-01,4.55E-01,3.12E-01,3.89E-01,4.22E-01,3.66E-01,4.86E-01,3.87E-01,3.91E-01,1.00E+00,4.72E-01,4.63E-01,3.47E-01,4.76E-01,5.55E-01,3.42E-01,3.44E-01,4.28E-01,5.46E-01,4.07E-01,4.06E-01,4.13E-01,4.25E-01,4.84E-01,3.64E-01,3.81E-01,3.63E-01,4.34E-01,3.31E-01,2.84E-01,4.24E-01,4.56E-01,4.10E-01,4.27E-01,3.74E-01,4.01E-01,4.61E-01,4.63E-01,2.75E-01,5.38E-01,3.72E-01,4.49E-01,3.57E-01,3.85E-01,4.02E-01,2.94E-01,5.12E-01,4.59E-01,4.13E-01
Doxorubicin,4.27E-01,6.08E-01,7.18E-01,6.25E-02,3.82E-01,5.99E-01,4.23E-01,4.74E-01,3.90E-01,5.60E-01,3.57E-01,4.59E-01,4.46E-01,3.65E-01,5.22E-01,4.17E-01,3.84E-01,4.49E-01,3.72E-01,3.61E-01,4.33E-01,4.73E-01,5.84E-01,4.88E-01,4.57E-01,4.81E-01,3.65E-01,4.15E-01,3.15E-01,4.59E-01,3.79E-01,4.49E-01,3.58E-01,4.34E-01,5.54E-01,4.44E-01,4.25E-01,4.26E-01,5.41E-01,4.29E-01,4.21E-01,3.38E-01,4.66E-01,5.57E-01,5.08E-01,5.30E-01,4.92E-01,3.53E-01,4.22E-01,4.88E-01,4.96E-01,3.19E-01,4.06E-01,4.56E-01,3.62E-01,4.53E-01,4.67E-01,4.13E-01,4.72E-01,1.00E+00,6.88E-01,4.37E-01,6.05E-01,7.18E-01,3.82E-01,3.65E-01,5.01E-01,6.17E-01,4.28E-01,4.65E-01,4.28E-01,4.72E-01,4.84E-01,3.76E-01,3.98E-01,4.54E-01,4.35E-01,3.68E-01,3.04E-01,4.45E-01,4.88E-01,4.05E-01,4.34E-01,4.64E-01,4.60E-01,5.53E-01,4.69E-01,3.52E-01,6.81E-01,4.34E-01,4.97E-01,4.37E-01,4.46E-01,2.89E-01,3.71E-01,6.08E-01,4.76E-01,4.33E-01
etoposide,4.36E-01,5.90E-01,6.65E-01,6.25E-02,3.78E-01,5.74E-01,4.13E-01,4.75E-01,3.79E-01,5.09E-01,3.58E-01,4.28E-01,4.34E-01,3.53E-01,4.94E-01,4.05E-01,3.51E-01,4.43E-01,3.62E-01,3.34E-01,4.08E-01,4.39E-01,5.55E-01,4.67E-01,4.30E-01,4.68E-01,3.48E-01,4.07E-01,3.17E-01,4.46E-01,3.71E-01,4.29E-01,3.48E-01,4.20E-01,5.52E-01,4.36E-01,3.96E-01,4.24E-01,5.17E-01,4.03E-01,4.02E-01,3.26E-01,4.22E-01,5.28E-01,4.75E-01,4.93E-01,4.71E-01,3.33E-01,4.06E-01,4.64E-01,4.63E-01,3.28E-01,3.96E-01,4.28E-01,3.45E-01,4.45E-01,4.52E-01,4.10E-01,4.63E-01,6.88E-01,1.00E+00,4.17E-01,5.70E-01,6.68E-01,3.68E-01,3.50E-01,4.95E-01,5.78E-01,4.18E-01,4.46E-01,4.11E-01,4.50E-01,4.84E-01,3.59E-01,3.76E-01,4.17E-01,4.21E-01,3.63E-01,2.85E-01,4.39E-01,4.83E-01,3.80E-01,4.26E-01,4.62E-01,4.60E-01,5.31E-01,4.41E-01,3.35E-01,6.47E-01,4.22E-01,4.88E-01,4.44E-01,4.32E-01,2.80E-01,3.72E-01,5.84E-01,4.57E-01,4.13E-01
Gemcitabine,4.78E-01,4.28E-01,4.82E-01,6.25E-02,7.04E-01,4.21E-01,3.61E-01,4.60E-01,3.22E-01,4.11E-01,3.42E-01,3.68E-01,3.57E-01,2.89E-01,3.91E-01,3.07E-01,3.00E-01,3.39E-01,3.13E-01,2.73E-01,3.33E-01,3.44E-01,4.59E-01,3.65E-01,3.42E-01,3.87E-01,3.00E-01,3.27E-01,2.89E-01,3.70E-01,2.99E-01,3.31E-01,3.28E-01,3.45E-01,4.11E-01,3.58E-01,3.20E-01,4.20E-01,4.02E-01,3.44E-01,3.36E-01,2.77E-01,3.49E-01,4.23E-01,3.90E-01,4.09E-01,3.70E-01,2.78E-01,3.07E-01,3.71E-01,3.80E-01,3.17E-01,3.21E-01,3.38E-01,3.06E-01,3.97E-01,3.27E-01,3.23E-01,3.47E-01,4.37E-01,4.17E-01,1.00E+00,4.50E-01,4.83E-01,3.12E-01,2.74E-01,3.96E-01,4.63E-01,3.36E-01,3.50E-01,3.53E-01,3.82E-01,4.78E-01,3.12E-01,3.22E-01,2.94E-01,3.80E-01,3.33E-01,2.56E-01,3.87E-01,4.73E-01,3.01E-01,3.60E-01,3.61E-01,3.48E-01,4.23E-01,3.69E-01,2.36E-01,4.66E-01,3.95E-01,3.73E-01,3.52E-01,3.70E-01,2.35E-01,3.11E-01,4.34E-01,3.60E-01,3.42E-01
Mitomycin-C,4.54E-01,6.33E-01,7.54E-01,6.25E-02,3.97E-01,6.17E-01,4.16E-01,4.77E-01,3.97E-01,5.75E-01,3.58E-01,4.86E-01,4.44E-01,3.69E-01,5.48E-01,4.23E-01,3.61E-01,4.49E-01,3.73E-01,3.60E-01,4.40E-01,5.04E-01,5.99E-01,5.19E-01,5.36E-01,5.10E-01,3.74E-01,4.10E-01,3.27E-01,4.67E-01,3.95E-01,4.52E-01,3.75E-01,4.44E-01,5.62E-01,4.61E-01,4.06E-01,4.25E-01,5.47E-01,4.23E-01,4.17E-01,3.51E-01,4.59E-01,5.67E-01,4.97E-01,5.39E-01,4.88E-01,3.46E-01,4.24E-01,5.03E-01,4.93E-01,3.31E-01,4.16E-01,4.66E-01,3.54E-01,4.56E-01,4.33E-01,4.17E-01,4.76E-01,6.05E-01,5.70E-01,4.50E-01,1.00E+00,7.59E-01,3.71E-01,3.65E-01,5.12E-01,6.37E-01,4.42E-01,4.78E-01,4.54E-01,4.96E-01,4.84E-01,3.63E-01,4.00E-01,4.04E-01,4.40E-01,3.77E-01,3.11E-01,4.43E-01,4.89E-01,3.81E-01,4.76E-01,4.99E-01,4.85E-01,5.80E-01,5.03E-01,2.95E-01,7.04E-01,4.29E-01,5.09E-01,4.71E-01,4.59E-01,2.87E-01,3.71E-01,6.63E-01,4.75E-01,4.47E-01
Vinorelbine,4.93E-01,7.50E-01,9.88E-01,6.25E-02,4.27E-01,6.91E-01,4.82E-01,4.77E-01,4.35E-01,6.58E-01,3.57E-01,5.38E-01,5.05E-01,4.04E-01,5.83E-01,4.60E-01,3.95E-01,5.07E-01,4.17E-01,4.01E-01,4.88E-01,5.57E-01,7.09E-01,5.80E-01,5.06E-01,5.89E-01,4.19E-01,4.64E-01,3.27E-01,5.28E-01,4.24E-01,5.16E-01,4.11E-01,5.02E-01,6.38E-01,5.19E-01,4.68E-01,4.24E-01,6.40E-01,4.82E-01,4.60E-01,3.85E-01,5.10E-01,6.71E-01,5.65E-01,6.23E-01,5.49E-01,3.77E-01,4.55E-01,5.67E-01,5.66E-01,3.31E-01,4.49E-01,5.30E-01,3.95E-01,4.63E-01,4.90E-01,4.60E-01,5.55E-01,7.18E-01,6.68E-01,4.83E-01,7.59E-01,1.00E+00,4.28E-01,4.10E-01,5.86E-01,7.57E-01,4.92E-01,5.19E-01,5.04E-01,5.73E-01,4.84E-01,4.07E-01,4.48E-01,4.43E-01,4.90E-01,3.72E-01,3.31E-01,4.49E-01,4.88E-01,4.20E-01,5.20E-01,5.26E-01,5.57E-01,6.77E-01,5.54E-01,3.09E-01,8.52E-01,4.33E-01,5.80E-01,4.93E-01,5.13E-01,3.06E-01,3.95E-01,7.59E-01,5.49E-01,4.96E-01
NSC-87877,3.03E-01,4.05E-01,4.28E-01,6.25E-02,2.85E-01,3.52E-01,2.98E-01,4.47E-01,3.51E-01,3.88E-01,3.38E-01,3.37E-01,3.29E-01,2.90E-01,3.19E-01,2.87E-01,2.78E-01,3.83E-01,2.92E-01,3.18E-01,3.09E-01,3.46E-01,3.93E-01,3.47E-01,2.94E-01,3.43E-01,2.95E-01,3.18E-01,2.70E-01,3.85E-01,3.10E-01,3.36E-01,2.85E-01,3.19E-01,3.67E-01,3.39E-01,3.17E-01,4.17E-01,3.56E-01,3.42E-01,3.46E-01,3.12E-01,3.43E-01,3.83E-01,3.66E-01,3.76E-01,3.49E-01,2.76E-01,3.00E-01,3.56E-01,3.31E-01,2.90E-01,3.72E-01,3.21E-01,2.89E-01,4.20E-01,3.32E-01,3.12E-01,3.42E-01,3.82E-01,3.68E-01,3.12E-01,3.71E-01,4.28E-01,1.00E+00,3.17E-01,3.64E-01,4.00E-01,3.06E-01,3.25E-01,3.08E-01,3.36E-01,4.88E-01,2.81E-01,3.01E-01,3.04E-01,3.17E-01,2.96E-01,2.61E-01,3.67E-01,4.83E-01,2.93E-01,3.18E-01,2.97E-01,3.47E-01,3.63E-01,3.49E-01,2.34E-01,4.20E-01,3.66E-01,3.48E-01,2.90E-01,3.76E-01,2.66E-01,2.69E-01,3.93E-01,3.55E-01,3.30E-01
Bicalutamide,2.98E-01,3.69E-01,4.09E-01,6.25E-02,2.59E-01,3.54E-01,2.97E-01,4.55E-01,2.97E-01,4.15E-01,3.90E-01,3.77E-01,3.41E-01,2.99E-01,3.27E-01,3.14E-01,2.62E-01,3.35E-01,3.02E-01,2.90E-01,3.09E-01,3.53E-01,3.59E-01,3.46E-01,3.08E-01,3.46E-01,3.22E-01,3.20E-01,2.99E-01,3.50E-01,3.63E-01,3.63E-01,2.91E-01,3.22E-01,3.36E-01,3.27E-01,3.32E-01,4.00E-01,3.45E-01,3.11E-01,3.15E-01,2.75E-01,3.21E-01,3.60E-01,3.38E-01,3.45E-01,3.45E-01,2.90E-01,3.02E-01,3.36E-01,3.44E-01,2.87E-01,3.41E-01,3.32E-01,2.95E-01,4.28E-01,3.46E-01,3.10E-01,3.44E-01,3.65E-01,3.50E-01,2.74E-01,3.65E-01,4.10E-01,3.17E-01,1.00E+00,3.49E-01,3.70E-01,3.29E-01,3.89E-01,3.35E-01,3.54E-01,4.82E-01,3.19E-01,3.21E-01,3.03E-01,3.11E-01,3.12E-01,2.81E-01,3.70E-01,4.89E-01,3.03E-01,3.17E-01,3.10E-01,3.23E-01,3.68E-01,3.17E-01,2.43E-01,3.90E-01,3.96E-01,3.44E-01,2.80E-01,3.44E-01,2.52E-01,2.60E-01,3.87E-01,3.31E-01,3.08E-01
QS11,3.93E-01,5.19E-01,5.86E-01,6.25E-02,3.55E-01,4.70E-01,4.23E-01,4.72E-01,3.55E-01,4.74E-01,3.57E-01,4.26E-01,3.91E-01,3.38E-01,4.09E-01,3.63E-01,3.27E-01,3.92E-01,3.56E-01,3.48E-01,3.93E-01,4.29E-01,5.02E-01,4.48E-01,3.93E-01,4.42E-01,3.58E-01,3.96E-01,3.15E-01,3.97E-01,3.56E-01,3.97E-01,3.59E-01,4.01E-01,4.64E-01,4.18E-01,3.97E-01,4.16E-01,4.74E-01,4.28E-01,3.69E-01,3.09E-01,4.36E-01,4.92E-01,4.58E-01,4.78E-01,4.84E-01,3.17E-01,4.03E-01,4.47E-01,4.53E-01,3.09E-01,3.57E-01,4.09E-01,3.53E-01,4.27E-01,4.06E-01,3.93E-01,4.28E-01,5.01E-01,4.95E-01,3.96E-01,5.12E-01,5.86E-01,3.64E-01,3.49E-01,1.00E+00,5.26E-01,4.10E-01,4.09E-01,4.09E-01,4.43E-01,4.84E-01,3.53E-01,3.69E-01,3.77E-01,4.13E-01,3.40E-01,2.86E-01,4.38E-01,4.84E-01,4.00E-01,4.30E-01,3.83E-01,4.16E-01,4.91E-01,4.66E-01,2.99E-01,5.54E-01,4.08E-01,4.37E-01,3.68E-01,4.08E-01,2.64E-01,3.02E-01,5.30E-01,4.51E-01,3.87E-01
Midostaurin,4.80E-01,6.64E-01,7.52E-01,6.25E-02,4.35E-01,5.91E-01,4.59E-01,4.77E-01,4.04E-01,5.68E-01,3.58E-01,4.96E-01,4.54E-01,3.76E-01,5.28E-01,4.41E-01,4.04E-01,4.59E-01,4.35E-01,3.89E-01,4.52E-01,4.98E-01,8.27E-01,5.25E-01,4.57E-01,5.12E-01,3.97E-01,4.27E-01,3.27E-01,4.84E-01,3.76E-01,4.76E-01,3.79E-01,4.67E-01,5.55E-01,4.66E-01,4.13E-01,4.25E-01,5.56E-01,4.33E-01,4.36E-01,3.72E-01,4.58E-01,6.04E-01,5.26E-01,5.64E-01,5.03E-01,3.58E-01,4.13E-01,5.24E-01,5.05E-01,3.29E-01,4.34E-01,4.74E-01,3.91E-01,4.63E-01,4.47E-01,4.13E-01,5.46E-01,6.17E-01,5.78E-01,4.63E-01,6.37E-01,7.57E-01,4.00E-01,3.70E-01,5.26E-01,1.00E+00,4.38E-01,4.97E-01,4.42E-01,5.09E-01,4.84E-01,4.07E-01,3.98E-01,3.96E-01,5.01E-01,3.73E-01,3.18E-01,4.40E-01,4.86E-01,4.01E-01,4.67E-01,4.64E-01,4.81E-01,5.95E-01,4.91E-01,2.94E-01,7.13E-01,4.25E-01,5.25E-01,4.45E-01,4.74E-01,3.29E-01,3.62E-01,6.49E-01,5.15E-01,4.41E-01
CHIR-99021,3.37E-01,4.45E-01,4.91E-01,6.25E-02,3.06E-01,4.29E-01,3.54E-01,4.62E-01,3.34E-01,4.12E-01,3.55E-01,4.50E-01,3.71E-01,3.23E-01,3.73E-01,3.30E-01,2.97E-01,3.76E-01,3.05E-01,2.98E-01,3.62E-01,3.84E-01,4.25E-01,3.81E-01,3.50E-01,4.47E-01,3.45E-01,3.33E-01,2.94E-01,3.86E-01,4.04E-01,3.63E-01,3.52E-01,3.51E-01,4.01E-01,3.59E-01,4.20E-01,4.19E-01,4.19E-01,4.07E-01,3.36E-01,2.90E-01,4.10E-01,4.29E-01,3.84E-01,4.29E-01,4.54E-01,2.98E-01,4.37E-01,3.97E-01,4.17E-01,3.06E-01,3.31E-01,3.75E-01,3.41E-01,4.21E-01,3.33E-01,3.85E-01,4.07E-01,4.28E-01,4.18E-01,3.36E-01,4.42E-01,4.92E-01,3.06E-01,3.29E-01,4.10E-01,4.38E-01,1.00E+00,3.78E-01,4.22E-01,4.15E-01,4.86E-01,3.30E-01,3.57E-01,3.21E-01,3.96E-01,3.38E-01,2.70E-01,3.97E-01,4.87E-01,3.38E-01,4.75E-01,3.42E-01,3.79E-01,4.33E-01,4.18E-01,2.34E-01,4.76E-01,4.07E-01,4.14E-01,3.44E-01,3.63E-01,2.42E-01,2.79E-01,4.95E-01,4.09E-01,3.77E-01
AP-24534,3.79E-01,4.62E-01,5.20E-01,6.25E-02,3.28E-01,4.43E-01,4.16E-01,4.60E-01,3.28E-01,4.66E-01,3.62E-01,4.84E-01,3.64E-01,3.57E-01,3.76E-01,4.12E-01,3.59E-01,3.86E-01,4.02E-01,3.56E-01,3.79E-01,3.98E-01,4.65E-01,4.10E-01,3.63E-01,4.14E-01,3.95E-01,3.47E-01,3.28E-01,3.75E-01,3.86E-01,4.04E-01,3.59E-01,3.56E-01,4.05E-01,3.77E-01,3.77E-01,4.17E-01,4.67E-01,3.48E-01,3.95E-01,2.93E-01,3.89E-01,4.43E-01,3.97E-01,4.33E-01,4.05E-01,3.38E-01,3.58E-01,4.35E-01,4.62E-01,3.23E-01,3.72E-01,3.95E-01,3.74E-01,4.43E-01,4.21E-01,3.61E-01,4.06E-01,4.65E-01,4.46E-01,3.50E-01,4.78E-01,5.19E-01,3.25E-01,3.89E-01,4.09E-01,4.97E-01,3.78E-01,1.00E+00,3.79E-01,4.26E-01,4.84E-01,3.82E-01,3.59E-01,3.42E-01,4.04E-01,3.45E-01,2.79E-01,4.45E-01,4.78E-01,3.52E-01,3.87E-01,3.54E-01,4.00E-01,4.52E-01,3.97E-01,2.79E-01,4.99E-01,4.16E-01,4.20E-01,3.49E-01,3.87E-01,2.87E-01,2.93E-01,4.98E-01,4.09E-01,3.70E-01
JNK-9L,3.44E-01,4.58E-01,4.99E-01,6.25E-02,3.22E-01,4.29E-01,3.60E-01,4.67E-01,3.49E-01,4.29E-01,3.52E-01,4.96E-01,3.67E-01,3.24E-01,3.86E-01,3.31E-01,3.06E-01,3.49E-01,3.12E-01,2.88E-01,3.83E-01,3.86E-01,4.22E-01,3.88E-01,3.37E-01,4.56E-01,3.26E-01,3.78E-01,2.95E-01,3.98E-01,3.99E-01,3.67E-01,3.55E-01,3.84E-01,4.03E-01,4.06E-01,3.57E-01,4.21E-01,4.11E-01,3.80E-01,3.60E-01,2.98E-01,3.91E-01,4.42E-01,4.29E-01,4.49E-01,4.60E-01,3.13E-01,3.75E-01,4.00E-01,4.36E-01,2.94E-01,3.56E-01,3.80E-01,3.37E-01,4.36E-01,3.39E-01,3.66E-01,4.13E-01,4.28E-01,4.11E-01,3.53E-01,4.54E-01,5.04E-01,3.08E-01,3.35E-01,4.09E-01,4.42E-01,4.22E-01,3.79E-01,1.00E+00,4.21E-01,4.84E-01,3.59E-01,4.15E-01,3.24E-01,3.76E-01,3.26E-01,2.65E-01,4.03E-01,4.64E-01,3.36E-01,4.61E-01,3.59E-01,3.78E-01,4.56E-01,4.15E-01,2.40E-01,4.88E-01,3.96E-01,4.01E-01,3.45E-01,4.00E-01,2.51E-01,2.98E-01,5.05E-01,3.89E-01,3.59E-01
PF-562271,3.83E-01,4.90E-01,5.74E-01,6.25E-02,3.45E-01,4.72E-01,3.94E-01,4.70E-01,3.72E-01,4.88E-01,3.66E-01,4.82E-01,4.20E-01,3.58E-01,4.13E-01,3.54E-01,3.30E-01,4.01E-01,3.59E-01,3.34E-01,3.83E-01,4.24E-01,4.91E-01,4.12E-01,3.71E-01,4.82E-01,4.95E-01,3.80E-01,3.20E-01,4.26E-01,3.77E-01,4.21E-01,4.27E-01,4.04E-01,4.20E-01,4.12E-01,4.29E-01,4.17E-01,4.57E-01,3.91E-01,4.17E-01,3.19E-01,3.99E-01,4.95E-01,4.20E-01,4.67E-01,4.38E-01,3.44E-01,3.64E-01,4.41E-01,4.78E-01,3.23E-01,3.44E-01,4.18E-01,3.71E-01,4.67E-01,3.93E-01,3.71E-01,4.25E-01,4.72E-01,4.50E-01,3.82E-01,4.96E-01,5.73E-01,3.36E-01,3.54E-01,4.43E-01,5.09E-01,4.15E-01,4.26E-01,4.21E-01,1.00E+00,4.80E-01,3.46E-01,3.79E-01,3.57E-01,3.84E-01,3.59E-01,3.32E-01,4.16E-01,4.85E-01,3.49E-01,4.47E-01,3.85E-01,4.07E-01,4.72E-01,4.05E-01,2.68E-01,5.44E-01,4.16E-01,4.18E-01,3.74E-01,4.65E-01,2.68E-01,3.09E-01,5.49E-01,4.27E-01,3.99E-01
DMOG,4.84E-01,4.84E-01,4.84E-01,6.67E-02,4.88E-01,4.84E-01,4.84E-01,4.65E-01,4.80E-01,4.84E-01,3.67E-01,4.84E-01,4.86E-01,4.76E-01,4.84E-01,4.82E-01,4.75E-01,4.84E-01,4.84E-01,4.73E-01,4.88E-01,4.84E-01,4.84E-01,4.84E-01,4.86E-01,4.84E-01,4.78E-01,4.88E-01,4.60E-01,4.84E-01,4.80E-01,4.84E-01,4.90E-01,4.86E-01,4.84E-01,4.84E-01,4.86E-01,4.34E-01,4.84E-01,4.86E-01,4.84E-01,4.78E-01,4.84E-01,4.84E-01,4.84E-01,4.84E-01,4.86E-01,4.68E-01,4.86E-01,4.84E-01,4.84E-01,4.21E-01,4.84E-01,4.84E-01,4.84E-01,4.48E-01,4.84E-01,4.86E-01,4.84E-01,4.84E-01,4.84E-01,4.78E-01,4.84E-01,4.84E-01,4.88E-01,4.82E-01,4.84E-01,4.84E-01,4.86E-01,4.84E-01,4.84E-01,4.80E-01,1.00E+00,4.82E-01,4.75E-01,4.73E-01,4.84E-01,4.46E-01,4.74E-01,4.57E-01,4.25E-01,4.73E-01,4.84E-01,4.84E-01,4.84E-01,4.84E-01,4.86E-01,4.80E-01,4.84E-01,4.65E-01,4.80E-01,4.84E-01,4.80E-01,4.74E-01,4.86E-01,4.84E-01,4.84E-01,4.86E-01
FTI-277,3.12E-01,3.62E-01,4.03E-01,6.25E-02,2.84E-01,3.83E-01,4.59E-01,4.32E-01,2.68E-01,3.93E-01,3.50E-01,3.63E-01,3.08E-01,3.03E-01,3.52E-01,3.32E-01,3.15E-01,3.02E-01,3.71E-01,3.17E-01,3.58E-01,3.22E-01,3.76E-01,3.25E-01,2.85E-01,3.87E-01,3.24E-01,3.32E-01,3.16E-01,3.15E-01,3.58E-01,3.15E-01,3.22E-01,3.22E-01,3.42E-01,3.46E-01,3.11E-01,4.23E-01,3.41E-01,3.16E-01,3.18E-01,2.61E-01,3.32E-01,3.59E-01,3.47E-01,3.49E-01,3.48E-01,3.04E-01,3.02E-01,3.25E-01,3.68E-01,2.87E-01,3.01E-01,3.60E-01,3.08E-01,4.06E-01,3.25E-01,3.19E-01,3.64E-01,3.76E-01,3.59E-01,3.12E-01,3.63E-01,4.07E-01,2.81E-01,3.19E-01,3.53E-01,4.07E-01,3.30E-01,3.82E-01,3.59E-01,3.46E-01,4.82E-01,1.00E+00,3.43E-01,2.82E-01,3.26E-01,3.16E-01,2.46E-01,3.98E-01,4.56E-01,3.10E-01,3.34E-01,3.10E-01,3.29E-01,3.65E-01,3.32E-01,2.39E-01,4.03E-01,3.81E-01,3.95E-01,2.98E-01,3.08E-01,2.51E-01,2.71E-01,3.92E-01,3.44E-01,2.92E-01
OSU-03012,3.30E-01,4.04E-01,4.45E-01,6.25E-02,2.89E-01,3.98E-01,3.23E-01,4.47E-01,2.98E-01,4.05E-01,3.61E-01,4.10E-01,3.27E-01,2.75E-01,3.26E-01,3.19E-01,2.83E-01,3.37E-01,3.01E-01,3.06E-01,3.45E-01,3.66E-01,3.98E-01,3.56E-01,3.13E-01,3.85E-01,3.14E-01,3.31E-01,2.95E-01,3.49E-01,3.30E-01,3.31E-01,3.20E-01,3.48E-01,3.70E-01,4.50E-01,3.31E-01,4.03E-01,3.77E-01,3.56E-01,3.17E-01,2.77E-01,3.66E-01,4.03E-01,3.91E-01,3.75E-01,3.84E-01,2.74E-01,3.42E-01,3.52E-01,3.84E-01,2.99E-01,3.20E-01,3.32E-01,3.05E-01,4.16E-01,3.34E-01,4.06E-01,3.81E-01,3.98E-01,3.76E-01,3.22E-01,4.00E-01,4.48E-01,3.01E-01,3.21E-01,3.69E-01,3.98E-01,3.57E-01,3.59E-01,4.15E-01,3.79E-01,4.75E-01,3.43E-01,1.00E+00,3.03E-01,3.39E-01,3.09E-01,2.63E-01,3.89E-01,4.65E-01,3.47E-01,3.77E-01,3.29E-01,3.59E-01,4.14E-01,3.62E-01,2.33E-01,4.32E-01,3.97E-01,3.72E-01,3.12E-01,3.58E-01,2.47E-01,2.64E-01,4.31E-01,3.65E-01,3.35E-01
shikonin,3.08E-01,4.17E-01,4.40E-01,6.25E-02,2.69E-01,3.83E-01,3.16E-01,4.63E-01,3.10E-01,4.02E-01,3.55E-01,3.47E-01,3.11E-01,3.05E-01,3.57E-01,3.15E-01,2.93E-01,3.45E-01,3.24E-01,2.90E-01,3.23E-01,3.39E-01,3.87E-01,3.44E-01,3.45E-01,3.59E-01,3.01E-01,3.04E-01,3.04E-01,3.32E-01,3.08E-01,3.24E-01,2.97E-01,3.19E-01,3.64E-01,3.53E-01,3.44E-01,4.19E-01,3.96E-01,3.21E-01,3.32E-01,2.88E-01,3.57E-01,3.89E-01,3.58E-01,3.74E-01,3.64E-01,2.93E-01,3.20E-01,3.57E-01,3.53E-01,3.46E-01,3.27E-01,3.48E-01,2.86E-01,4.21E-01,3.61E-01,3.16E-01,3.63E-01,4.54E-01,4.17E-01,2.94E-01,4.04E-01,4.43E-01,3.04E-01,3.03E-01,3.77E-01,3.96E-01,3.21E-01,3.42E-01,3.24E-01,3.57E-01,4.73E-01,2.82E-01,3.03E-01,1.00E+00,3.19E-01,3.58E-01,2.45E-01,4.33E-01,4.78E-01,3.52E-01,3.39E-01,3.35E-01,3.31E-01,3.65E-01,3.48E-01,2.94E-01,4.22E-01,3.81E-01,3.66E-01,3.25E-01,3.53E-01,2.64E-01,2.91E-01,4.14E-01,3.43E-01,3.17E-01
AKT inhibitor VIII,3.59E-01,4.59E-01,4.87E-01,6.25E-02,3.67E-01,4.21E-01,3.86E-01,4.67E-01,3.38E-01,4.09E-01,3.57E-01,4.15E-01,3.52E-01,2.98E-01,3.96E-01,3.69E-01,3.58E-01,3.59E-01,3.78E-01,3.12E-01,3.70E-01,3.70E-01,4.78E-01,3.97E-01,3.42E-01,4.03E-01,3.31E-01,3.32E-01,3.17E-01,3.76E-01,3.52E-01,3.68E-01,3.26E-01,3.52E-01,3.99E-01,3.55E-01,3.47E-01,4.21E-01,4.21E-01,3.85E-01,3.63E-01,3.03E-01,4.76E-01,4.42E-01,4.92E-01,4.46E-01,4.16E-01,2.88E-01,4.28E-01,4.34E-01,4.05E-01,3.01E-01,3.56E-01,3.91E-01,3.53E-01,4.22E-01,3.64E-01,3.63E-01,4.34E-01,4.35E-01,4.21E-01,3.80E-01,4.40E-01,4.90E-01,3.17E-01,3.11E-01,4.13E-01,5.01E-01,3.96E-01,4.04E-01,3.76E-01,3.84E-01,4.84E-01,3.26E-01,3.39E-01,3.19E-01,1.00E+00,3.34E-01,2.90E-01,4.42E-01,4.77E-01,3.86E-01,4.00E-01,3.43E-01,3.73E-01,4.37E-01,4.48E-01,2.59E-01,4.77E-01,3.85E-01,4.27E-01,3.35E-01,3.64E-01,2.90E-01,3.01E-01,4.91E-01,4.39E-01,3.57E-01
embelin,3.62E-01,3.64E-01,3.72E-01,6.25E-02,3.45E-01,3.72E-01,3.19E-01,4.56E-01,3.30E-01,3.68E-01,3.35E-01,3.54E-01,3.21E-01,3.35E-01,3.77E-01,3.36E-01,3.06E-01,3.52E-01,3.02E-01,3.02E-01,3.26E-01,3.54E-01,3.65E-01,3.54E-01,3.87E-01,3.42E-01,3.25E-01,3.09E-01,2.21E-01,3.52E-01,3.28E-01,3.40E-01,3.08E-01,3.18E-01,3.65E-01,3.17E-01,3.14E-01,3.54E-01,3.54E-01,3.33E-01,3.34E-01,2.93E-01,3.44E-01,3.69E-01,3.55E-01,3.48E-01,3.47E-01,3.09E-01,3.16E-01,3.50E-01,3.61E-01,3.14E-01,3.28E-01,3.49E-01,3.13E-01,2.61E-01,3.23E-01,3.21E-01,3.31E-01,3.68E-01,3.63E-01,3.33E-01,3.77E-01,3.72E-01,2.96E-01,3.12E-01,3.40E-01,3.73E-01,3.38E-01,3.45E-01,3.26E-01,3.59E-01,4.46E-01,3.16E-01,3.09E-01,3.58E-01,3.34E-01,1.00E+00,2.86E-01,2.45E-01,3.68E-01,3.14E-01,3.54E-01,3.81E-01,3.41E-01,3.62E-01,3.50E-01,2.72E-01,3.75E-01,3.05E-01,3.60E-01,3.77E-01,3.56E-01,2.86E-01,3.46E-01,3.65E-01,3.48E-01,3.26E-01
FH535,2.46E-01,3.16E-01,3.30E-01,6.25E-02,2.44E-01,3.01E-01,2.75E-01,4.70E-01,2.92E-01,3.32E-01,3.44E-01,3.14E-01,2.88E-01,2.68E-01,2.66E-01,2.46E-01,2.43E-01,2.86E-01,2.74E-01,2.44E-01,2.50E-01,2.87E-01,3.15E-01,2.97E-01,2.61E-01,2.92E-01,2.68E-01,2.78E-01,2.68E-01,3.00E-01,3.19E-01,3.19E-01,2.38E-01,2.42E-01,2.91E-01,2.81E-01,2.70E-01,3.83E-01,2.94E-01,2.54E-01,2.96E-01,2.33E-01,2.77E-01,3.18E-01,3.01E-01,2.97E-01,2.79E-01,2.59E-01,2.55E-01,3.12E-01,2.88E-01,2.76E-01,2.61E-01,3.26E-01,2.52E-01,3.85E-01,2.78E-01,2.58E-01,2.84E-01,3.04E-01,2.85E-01,2.56E-01,3.11E-01,3.31E-01,2.61E-01,2.81E-01,2.86E-01,3.18E-01,2.70E-01,2.79E-01,2.65E-01,3.32E-01,4.74E-01,2.46E-01,2.63E-01,2.45E-01,2.90E-01,2.86E-01,1.00E+00,3.36E-01,4.42E-01,2.53E-01,2.69E-01,2.60E-01,2.68E-01,3.06E-01,2.61E-01,2.07E-01,3.22E-01,3.60E-01,2.79E-01,2.55E-01,3.22E-01,2.28E-01,2.18E-01,3.31E-01,2.92E-01,2.59E-01
pac-1,3.98E-01,4.47E-01,4.49E-01,6.25E-02,3.84E-01,4.42E-01,4.19E-01,3.76E-01,3.73E-01,4.46E-01,3.37E-01,4.20E-01,3.81E-01,3.78E-01,4.05E-01,4.49E-01,3.88E-01,4.17E-01,4.38E-01,3.97E-01,4.09E-01,3.95E-01,4.21E-01,4.10E-01,3.89E-01,4.10E-01,3.74E-01,3.94E-01,3.30E-01,4.10E-01,3.91E-01,4.08E-01,4.10E-01,4.25E-01,4.32E-01,4.06E-01,4.37E-01,3.84E-01,4.68E-01,4.15E-01,3.98E-01,3.78E-01,4.26E-01,4.23E-01,4.09E-01,4.38E-01,4.13E-01,3.57E-01,3.95E-01,4.17E-01,4.25E-01,2.54E-01,4.11E-01,4.28E-01,3.88E-01,3.50E-01,4.46E-01,4.19E-01,4.24E-01,4.45E-01,4.39E-01,3.87E-01,4.43E-01,4.49E-01,3.67E-01,3.70E-01,4.38E-01,4.40E-01,3.97E-01,4.45E-01,4.03E-01,4.16E-01,4.57E-01,3.98E-01,3.89E-01,4.33E-01,4.42E-01,2.45E-01,3.36E-01,1.00E+00,4.02E-01,4.10E-01,4.05E-01,3.72E-01,4.27E-01,4.28E-01,4.14E-01,3.69E-01,4.50E-01,3.26E-01,4.51E-01,3.90E-01,4.05E-01,4.05E-01,3.73E-01,4.54E-01,4.20E-01,3.83E-01
IPA-3,4.67E-01,4.89E-01,4.88E-01,6.25E-02,4.50E-01,4.90E-01,4.63E-01,3.35E-01,4.84E-01,4.80E-01,2.66E-01,4.79E-01,4.88E-01,4.69E-01,4.83E-01,4.72E-01,4.61E-01,4.85E-01,4.64E-01,4.65E-01,4.69E-01,4.77E-01,4.82E-01,4.83E-01,4.81E-01,4.87E-01,4.75E-01,4.88E-01,3.51E-01,4.86E-01,4.87E-01,4.69E-01,4.60E-01,4.69E-01,4.78E-01,4.89E-01,4.75E-01,3.01E-01,4.86E-01,4.75E-01,4.75E-01,4.71E-01,4.85E-01,4.79E-01,4.89E-01,4.78E-01,4.80E-01,4.53E-01,4.70E-01,4.78E-01,4.81E-01,3.46E-01,4.83E-01,4.78E-01,4.71E-01,4.27E-01,4.68E-01,4.89E-01,4.56E-01,4.88E-01,4.83E-01,4.73E-01,4.89E-01,4.88E-01,4.83E-01,4.89E-01,4.84E-01,4.86E-01,4.87E-01,4.78E-01,4.64E-01,4.85E-01,4.25E-01,4.56E-01,4.65E-01,4.78E-01,4.77E-01,3.68E-01,4.42E-01,4.02E-01,1.00E+00,4.40E-01,4.77E-01,4.73E-01,4.69E-01,4.86E-01,4.74E-01,4.37E-01,4.88E-01,3.91E-01,4.90E-01,4.78E-01,4.81E-01,4.26E-01,4.57E-01,4.87E-01,4.75E-01,4.63E-01
GSK-650394,3.16E-01,4.26E-01,4.22E-01,6.25E-02,2.78E-01,3.79E-01,3.33E-01,4.55E-01,3.05E-01,3.69E-01,3.44E-01,3.83E-01,3.10E-01,2.83E-01,3.22E-01,3.29E-01,3.09E-01,3.26E-01,2.98E-01,3.11E-01,3.32E-01,3.33E-01,3.98E-01,3.48E-01,3.01E-01,3.69E-01,3.02E-01,2.93E-01,2.81E-01,3.37E-01,3.36E-01,3.62E-01,2.93E-01,3.35E-01,3.58E-01,3.45E-01,3.08E-01,4.07E-01,3.55E-01,4.27E-01,3.16E-01,2.99E-01,4.73E-01,3.95E-01,4.17E-01,3.68E-01,4.19E-01,2.77E-01,4.09E-01,3.58E-01,3.96E-01,2.88E-01,3.04E-01,3.41E-01,3.01E-01,3.93E-01,3.38E-01,3.63E-01,4.10E-01,4.05E-01,3.80E-01,3.01E-01,3.81E-01,4.20E-01,2.93E-01,3.03E-01,4.00E-01,4.01E-01,3.38E-01,3.52E-01,3.36E-01,3.49E-01,4.73E-01,3.10E-01,3.47E-01,3.52E-01,3.86E-01,3.14E-01,2.53E-01,4.10E-01,4.40E-01,1.00E+00,3.59E-01,3.14E-01,3.27E-01,3.78E-01,3.91E-01,3.49E-01,4.03E-01,3.57E-01,3.86E-01,2.89E-01,3.21E-01,2.60E-01,2.59E-01,4.11E-01,4.12E-01,3.30E-01
BAY 61-3606,3.80E-01,4.75E-01,5.20E-01,6.25E-02,3.23E-01,4.45E-01,3.87E-01,4.71E-01,3.88E-01,4.48E-01,3.56E-01,4.95E-01,3.81E-01,3.52E-01,3.86E-01,3.35E-01,3.38E-01,3.92E-01,3.18E-01,3.35E-01,3.70E-01,4.01E-01,4.58E-01,4.16E-01,3.64E-01,4.81E-01,3.84E-01,3.49E-01,3.10E-01,4.23E-01,3.87E-01,3.84E-01,3.61E-01,3.65E-01,4.19E-01,4.00E-01,4.01E-01,4.11E-01,4.26E-01,4.71E-01,4.06E-01,2.95E-01,4.31E-01,5.17E-01,4.27E-01,4.59E-01,5.02E-01,3.30E-01,4.20E-01,4.33E-01,4.42E-01,2.88E-01,3.37E-01,3.93E-01,3.44E-01,4.18E-01,3.65E-01,4.33E-01,4.27E-01,4.34E-01,4.26E-01,3.60E-01,4.76E-01,5.20E-01,3.18E-01,3.17E-01,4.30E-01,4.67E-01,4.75E-01,3.87E-01,4.61E-01,4.47E-01,4.84E-01,3.34E-01,3.77E-01,3.39E-01,4.00E-01,3.54E-01,2.69E-01,4.05E-01,4.77E-01,3.59E-01,1.00E+00,3.65E-01,3.91E-01,4.57E-01,4.61E-01,2.42E-01,5.11E-01,3.83E-01,4.32E-01,3.67E-01,3.94E-01,2.56E-01,3.01E-01,5.35E-01,4.09E-01,3.89E-01
thapsigargin,3.72E-01,4.58E-01,5.23E-01,6.25E-02,3.47E-01,6.28E-01,3.47E-01,4.76E-01,3.06E-01,4.33E-01,3.57E-01,3.81E-01,3.79E-01,3.21E-01,5.18E-01,3.11E-01,3.08E-01,3.38E-01,2.96E-01,2.78E-01,3.41E-01,3.66E-01,4.51E-01,3.82E-01,4.77E-01,3.97E-01,2.94E-01,3.26E-01,2.99E-01,3.77E-01,3.17E-01,3.61E-01,3.04E-01,3.51E-01,4.50E-01,3.46E-01,3.11E-01,4.12E-01,4.14E-01,3.38E-01,3.28E-01,2.81E-01,3.59E-01,4.10E-01,3.93E-01,4.00E-01,3.78E-01,3.03E-01,3.29E-01,3.97E-01,3.56E-01,3.30E-01,3.25E-01,3.84E-01,2.83E-01,4.03E-01,3.31E-01,3.21E-01,3.74E-01,4.64E-01,4.62E-01,3.61E-01,4.99E-01,5.26E-01,2.97E-01,3.10E-01,3.83E-01,4.64E-01,3.42E-01,3.54E-01,3.59E-01,3.85E-01,4.84E-01,3.10E-01,3.29E-01,3.35E-01,3.43E-01,3.81E-01,2.60E-01,3.72E-01,4.73E-01,3.14E-01,3.65E-01,1.00E+00,3.89E-01,4.22E-01,3.93E-01,2.54E-01,5.08E-01,3.92E-01,3.86E-01,6.21E-01,3.51E-01,2.25E-01,4.43E-01,4.68E-01,3.70E-01,3.47E-01
Obatoclax Mesylate,3.76E-01,4.97E-01,5.56E-01,6.25E-02,3.19E-01,4.56E-01,3.55E-01,4.68E-01,3.43E-01,4.57E-01,3.61E-01,4.04E-01,3.66E-01,3.23E-01,4.07E-01,3.46E-01,3.16E-01,3.88E-01,3.18E-01,3.22E-01,3.72E-01,4.05E-01,4.61E-01,4.25E-01,3.79E-01,4.09E-01,3.26E-01,3.39E-01,3.27E-01,3.92E-01,3.43E-01,3.88E-01,3.25E-01,3.73E-01,4.31E-01,3.81E-01,3.57E-01,4.17E-01,4.57E-01,3.62E-01,3.63E-01,2.94E-01,3.80E-01,4.44E-01,4.06E-01,4.33E-01,3.76E-01,2.98E-01,3.54E-01,3.98E-01,4.00E-01,3.21E-01,3.51E-01,3.84E-01,3.39E-01,4.26E-01,3.64E-01,3.66E-01,4.01E-01,4.60E-01,4.60E-01,3.48E-01,4.85E-01,5.57E-01,3.47E-01,3.23E-01,4.16E-01,4.81E-01,3.79E-01,4.00E-01,3.78E-01,4.07E-01,4.84E-01,3.29E-01,3.59E-01,3.31E-01,3.73E-01,3.41E-01,2.68E-01,4.27E-01,4.69E-01,3.27E-01,3.91E-01,3.89E-01,1.00E+00,4.72E-01,4.17E-01,2.52E-01,5.32E-01,4.05E-01,4.18E-01,3.69E-01,3.75E-01,2.62E-01,3.07E-01,5.02E-01,3.98E-01,3.65E-01
BMS-754807,4.21E-01,5.77E-01,6.76E-01,6.25E-02,3.78E-01,5.47E-01,4.33E-01,4.75E-01,4.04E-01,5.37E-01,3.58E-01,4.60E-01,4.41E-01,3.57E-01,4.71E-01,4.02E-01,3.57E-01,4.46E-01,3.72E-01,3.66E-01,4.40E-01,4.83E-01,5.64E-01,4.85E-01,4.47E-01,4.96E-01,3.67E-01,3.96E-01,3.26E-01,4.75E-01,3.67E-01,4.32E-01,3.83E-01,4.19E-01,5.13E-01,4.61E-01,4.11E-01,4.24E-01,5.15E-01,4.37E-01,4.24E-01,3.38E-01,4.43E-01,5.58E-01,4.89E-01,5.03E-01,4.83E-01,3.34E-01,3.94E-01,4.91E-01,4.75E-01,3.24E-01,3.77E-01,4.37E-01,3.69E-01,4.48E-01,4.27E-01,4.10E-01,4.61E-01,5.53E-01,5.31E-01,4.23E-01,5.80E-01,6.77E-01,3.63E-01,3.68E-01,4.91E-01,5.95E-01,4.33E-01,4.52E-01,4.56E-01,4.72E-01,4.84E-01,3.65E-01,4.14E-01,3.65E-01,4.37E-01,3.62E-01,3.06E-01,4.28E-01,4.86E-01,3.78E-01,4.57E-01,4.22E-01,4.72E-01,1.00E+00,4.57E-01,2.86E-01,6.32E-01,4.17E-01,4.81E-01,4.05E-01,4.71E-01,2.86E-01,3.25E-01,6.07E-01,4.56E-01,4.24E-01
OSI-906,3.77E-01,5.07E-01,5.51E-01,6.25E-02,3.48E-01,4.59E-01,4.14E-01,4.59E-01,3.61E-01,4.58E-01,3.49E-01,4.36E-01,3.61E-01,3.16E-01,4.11E-01,3.46E-01,3.86E-01,3.95E-01,3.23E-01,3.26E-01,3.71E-01,4.27E-01,4.71E-01,4.27E-01,3.82E-01,4.42E-01,3.19E-01,3.66E-01,2.91E-01,3.93E-01,3.73E-01,3.82E-01,3.39E-01,4.04E-01,4.49E-01,3.99E-01,3.60E-01,4.12E-01,4.43E-01,4.17E-01,3.83E-01,3.41E-01,4.72E-01,4.62E-01,4.54E-01,4.74E-01,4.74E-01,2.97E-01,3.98E-01,4.10E-01,4.32E-01,2.96E-01,3.71E-01,3.94E-01,3.72E-01,4.42E-01,3.79E-01,3.70E-01,4.63E-01,4.69E-01,4.41E-01,3.69E-01,5.03E-01,5.54E-01,3.49E-01,3.17E-01,4.66E-01,4.91E-01,4.18E-01,3.97E-01,4.15E-01,4.05E-01,4.86E-01,3.32E-01,3.62E-01,3.48E-01,4.48E-01,3.50E-01,2.61E-01,4.14E-01,4.74E-01,3.91E-01,4.61E-01,3.93E-01,4.17E-01,4.57E-01,1.00E+00,2.65E-01,5.31E-01,3.68E-01,4.21E-01,3.70E-01,3.90E-01,2.89E-01,3.21E-01,5.13E-01,4.42E-01,3.94E-01
Bexarotene,2.41E-01,3.05E-01,3.11E-01,6.25E-02,2.29E-01,2.96E-01,2.39E-01,4.33E-01,2.34E-01,2.99E-01,3.53E-01,2.67E-01,2.44E-01,2.48E-01,2.52E-01,2.98E-01,2.46E-01,2.60E-01,2.46E-01,2.62E-01,2.45E-01,2.67E-01,2.93E-01,2.81E-01,2.56E-01,2.66E-01,2.70E-01,2.50E-01,2.83E-01,2.51E-01,2.61E-01,2.76E-01,2.23E-01,2.47E-01,2.71E-01,2.68E-01,2.59E-01,3.65E-01,2.80E-01,2.41E-01,2.67E-01,2.20E-01,2.76E-01,2.89E-01,2.84E-01,2.73E-01,2.87E-01,2.37E-01,2.67E-01,2.78E-01,2.99E-01,2.65E-01,2.37E-01,2.66E-01,2.35E-01,3.71E-01,3.44E-01,2.56E-01,2.75E-01,3.52E-01,3.35E-01,2.36E-01,2.95E-01,3.09E-01,2.34E-01,2.43E-01,2.99E-01,2.94E-01,2.34E-01,2.79E-01,2.40E-01,2.68E-01,4.80E-01,2.39E-01,2.33E-01,2.94E-01,2.59E-01,2.72E-01,2.07E-01,3.69E-01,4.37E-01,3.49E-01,2.42E-01,2.54E-01,2.52E-01,2.86E-01,2.65E-01,1.00E+00,3.00E-01,3.31E-01,2.76E-01,2.39E-01,2.44E-01,2.51E-01,2.31E-01,3.10E-01,2.74E-01,2.58E-01
Bleomycin,4.86E-01,7.05E-01,8.45E-01,6.25E-02,4.19E-01,6.48E-01,4.68E-01,4.77E-01,4.28E-01,6.20E-01,3.57E-01,5.24E-01,4.87E-01,3.89E-01,5.68E-01,4.47E-01,3.96E-01,4.77E-01,4.23E-01,3.91E-01,4.82E-01,5.18E-01,6.63E-01,5.43E-01,4.85E-01,5.62E-01,3.96E-01,4.42E-01,3.28E-01,5.10E-01,4.15E-01,4.86E-01,4.05E-01,4.86E-01,6.14E-01,4.94E-01,4.46E-01,4.24E-01,5.98E-01,4.59E-01,4.54E-01,3.75E-01,4.90E-01,6.29E-01,5.40E-01,5.78E-01,5.30E-01,3.64E-01,4.44E-01,5.25E-01,5.38E-01,3.36E-01,4.42E-01,5.11E-01,3.83E-01,4.58E-01,4.70E-01,4.53E-01,5.38E-01,6.81E-01,6.47E-01,4.66E-01,7.04E-01,8.52E-01,4.20E-01,3.90E-01,5.54E-01,7.13E-01,4.76E-01,4.99E-01,4.88E-01,5.44E-01,4.84E-01,4.03E-01,4.32E-01,4.22E-01,4.77E-01,3.75E-01,3.22E-01,4.50E-01,4.88E-01,4.03E-01,5.11E-01,5.08E-01,5.32E-01,6.32E-01,5.31E-01,3.00E-01,1.00E+00,4.26E-01,5.68E-01,4.76E-01,4.99E-01,3.03E-01,3.87E-01,7.09E-01,5.20E-01,4.77E-01
LFM-A13,4.02E-01,4.22E-01,4.33E-01,6.25E-02,3.91E-01,4.22E-01,3.85E-01,4.27E-01,3.61E-01,4.30E-01,4.35E-01,4.02E-01,3.97E-01,3.73E-01,3.93E-01,3.79E-01,3.58E-01,3.89E-01,3.62E-01,3.51E-01,3.78E-01,4.28E-01,4.17E-01,4.04E-01,3.96E-01,4.02E-01,3.79E-01,3.82E-01,2.54E-01,4.04E-01,3.84E-01,3.98E-01,3.91E-01,3.83E-01,4.16E-01,3.99E-01,3.91E-01,3.65E-01,4.10E-01,3.94E-01,3.85E-01,3.54E-01,3.93E-01,4.15E-01,4.06E-01,4.10E-01,3.91E-01,3.60E-01,3.61E-01,4.08E-01,4.13E-01,2.67E-01,3.83E-01,3.91E-01,3.74E-01,3.44E-01,4.14E-01,3.78E-01,3.72E-01,4.34E-01,4.22E-01,3.95E-01,4.29E-01,4.33E-01,3.66E-01,3.96E-01,4.08E-01,4.25E-01,4.07E-01,4.16E-01,3.96E-01,4.16E-01,4.65E-01,3.81E-01,3.97E-01,3.81E-01,3.85E-01,3.05E-01,3.60E-01,3.26E-01,3.91E-01,3.57E-01,3.83E-01,3.92E-01,4.05E-01,4.17E-01,3.68E-01,3.31E-01,4.26E-01,1.00E+00,4.00E-01,3.98E-01,4.12E-01,3.26E-01,3.63E-01,4.35E-01,3.84E-01,3.59E-01
Luminespib,3.90E-01,5.07E-01,5.78E-01,6.25E-02,3.43E-01,4.90E-01,4.03E-01,4.78E-01,3.67E-01,4.79E-01,3.51E-01,4.42E-01,3.94E-01,3.38E-01,4.28E-01,3.92E-01,3.42E-01,3.90E-01,3.63E-01,3.45E-01,3.98E-01,3.92E-01,4.89E-01,4.27E-01,3.69E-01,4.47E-01,3.52E-01,3.95E-01,3.30E-01,4.11E-01,3.69E-01,3.85E-01,3.56E-01,4.05E-01,4.86E-01,4.03E-01,3.87E-01,4.13E-01,4.73E-01,3.97E-01,3.92E-01,3.02E-01,4.43E-01,4.70E-01,4.42E-01,4.66E-01,4.47E-01,3.13E-01,4.26E-01,4.14E-01,4.40E-01,3.17E-01,3.71E-01,4.32E-01,3.39E-01,4.40E-01,4.07E-01,5.01E-01,4.49E-01,4.97E-01,4.88E-01,3.73E-01,5.09E-01,5.80E-01,3.48E-01,3.44E-01,4.37E-01,5.25E-01,4.14E-01,4.20E-01,4.01E-01,4.18E-01,4.80E-01,3.95E-01,3.72E-01,3.66E-01,4.27E-01,3.60E-01,2.79E-01,4.51E-01,4.90E-01,3.86E-01,4.32E-01,3.86E-01,4.18E-01,4.81E-01,4.21E-01,2.76E-01,5.68E-01,4.00E-01,1.00E+00,3.75E-01,3.92E-01,2.94E-01,3.01E-01,5.31E-01,4.32E-01,3.91E-01
Bryostatin 1,3.57E-01,4.32E-01,4.91E-01,6.25E-02,3.23E-01,5.57E-01,3.39E-01,4.87E-01,3.05E-01,4.11E-01,3.52E-01,3.70E-01,3.55E-01,2.91E-01,5.45E-01,3.23E-01,3.04E-01,3.27E-01,2.80E-01,2.89E-01,3.24E-01,3.58E-01,4.30E-01,3.73E-01,4.79E-01,3.83E-01,2.84E-01,3.14E-01,2.93E-01,3.73E-01,3.04E-01,3.43E-01,2.95E-01,3.17E-01,4.46E-01,3.35E-01,3.01E-01,4.15E-01,3.95E-01,3.30E-01,3.36E-01,2.71E-01,3.36E-01,4.08E-01,3.80E-01,3.81E-01,3.80E-01,2.82E-01,3.19E-01,3.76E-01,3.46E-01,3.14E-01,2.99E-01,3.66E-01,2.77E-01,4.21E-01,3.27E-01,3.13E-01,3.57E-01,4.37E-01,4.44E-01,3.52E-01,4.71E-01,4.93E-01,2.90E-01,2.80E-01,3.68E-01,4.45E-01,3.44E-01,3.49E-01,3.45E-01,3.74E-01,4.84E-01,2.98E-01,3.12E-01,3.25E-01,3.35E-01,3.77E-01,2.55E-01,3.90E-01,4.78E-01,2.89E-01,3.67E-01,6.21E-01,3.69E-01,4.05E-01,3.70E-01,2.39E-01,4.76E-01,3.98E-01,3.75E-01,1.00E+00,3.49E-01,2.23E-01,4.28E-01,4.45E-01,3.73E-01,3.36E-01
Pazopanib,3.48E-01,4.54E-01,5.13E-01,6.25E-02,3.47E-01,4.31E-01,3.58E-01,4.75E-01,4.15E-01,4.61E-01,3.53E-01,4.32E-01,3.78E-01,3.28E-01,3.76E-01,3.91E-01,3.26E-01,4.05E-01,3.18E-01,4.07E-01,3.38E-01,4.13E-01,4.67E-01,4.06E-01,3.71E-01,4.56E-01,3.42E-01,3.56E-01,3.10E-01,4.59E-01,3.55E-01,3.85E-01,3.88E-01,3.62E-01,4.13E-01,4.01E-01,3.45E-01,4.17E-01,4.28E-01,3.91E-01,4.36E-01,3.04E-01,3.99E-01,4.62E-01,4.21E-01,4.54E-01,4.27E-01,3.12E-01,3.51E-01,4.31E-01,4.16E-01,3.15E-01,3.55E-01,3.75E-01,3.57E-01,4.63E-01,3.95E-01,3.61E-01,3.85E-01,4.46E-01,4.32E-01,3.70E-01,4.59E-01,5.13E-01,3.76E-01,3.44E-01,4.08E-01,4.74E-01,3.63E-01,3.87E-01,4.00E-01,4.65E-01,4.80E-01,3.08E-01,3.58E-01,3.53E-01,3.64E-01,3.56E-01,3.22E-01,4.05E-01,4.81E-01,3.21E-01,3.94E-01,3.51E-01,3.75E-01,4.71E-01,3.90E-01,2.44E-01,4.99E-01,4.12E-01,3.92E-01,3.49E-01,1.00E+00,2.84E-01,2.95E-01,4.75E-01,4.02E-01,3.59E-01
LAQ824,2.32E-01,3.10E-01,3.07E-01,6.25E-02,2.26E-01,2.84E-01,2.81E-01,4.16E-01,2.79E-01,3.05E-01,3.43E-01,2.74E-01,2.19E-01,2.19E-01,2.52E-01,3.05E-01,2.87E-01,3.14E-01,3.01E-01,3.10E-01,2.65E-01,3.69E-01,3.26E-01,4.24E-01,2.30E-01,2.67E-01,2.82E-01,2.36E-01,3.11E-01,2.74E-01,2.54E-01,2.98E-01,2.37E-01,2.67E-01,2.67E-01,2.87E-01,2.68E-01,4.02E-01,3.14E-01,2.40E-01,3.02E-01,3.43E-01,2.92E-01,2.87E-01,2.92E-01,2.96E-01,2.74E-01,2.18E-01,2.59E-01,2.80E-01,2.96E-01,2.91E-01,3.53E-01,2.79E-01,2.77E-01,5.92E-01,2.57E-01,2.43E-01,4.02E-01,2.89E-01,2.80E-01,2.35E-01,2.87E-01,3.06E-01,2.66E-01,2.52E-01,2.64E-01,3.29E-01,2.42E-01,2.87E-01,2.51E-01,2.68E-01,4.74E-01,2.51E-01,2.47E-01,2.64E-01,2.90E-01,2.86E-01,2.28E-01,4.05E-01,4.26E-01,2.60E-01,2.56E-01,2.25E-01,2.62E-01,2.86E-01,2.89E-01,2.51E-01,3.03E-01,3.26E-01,2.94E-01,2.23E-01,2.84E-01,1.00E+00,2.22E-01,2.88E-01,2.97E-01,2.92E-01
Epothilone B,3.12E-01,3.58E-01,3.96E-01,6.25E-02,2.98E-01,4.31E-01,2.99E-01,4.56E-01,2.68E-01,3.36E-01,3.55E-01,3.14E-01,2.93E-01,2.51E-01,4.11E-01,2.78E-01,2.55E-01,2.91E-01,2.80E-01,2.65E-01,2.96E-01,3.13E-01,3.64E-01,3.24E-01,3.37E-01,3.06E-01,2.51E-01,2.79E-01,2.74E-01,3.07E-01,2.47E-01,2.86E-01,2.58E-01,2.93E-01,3.40E-01,2.89E-01,2.68E-01,4.11E-01,3.38E-01,2.77E-01,2.90E-01,2.54E-01,2.87E-01,3.41E-01,3.17E-01,3.22E-01,3.17E-01,2.37E-01,2.74E-01,3.04E-01,3.04E-01,3.35E-01,2.73E-01,3.06E-01,2.49E-01,3.61E-01,2.92E-01,2.62E-01,2.94E-01,3.71E-01,3.72E-01,3.11E-01,3.71E-01,3.95E-01,2.69E-01,2.60E-01,3.02E-01,3.62E-01,2.79E-01,2.93E-01,2.98E-01,3.09E-01,4.86E-01,2.71E-01,2.64E-01,2.91E-01,3.01E-01,3.46E-01,2.18E-01,3.73E-01,4.57E-01,2.59E-01,3.01E-01,4.43E-01,3.07E-01,3.25E-01,3.21E-01,2.31E-01,3.87E-01,3.63E-01,3.01E-01,4.28E-01,2.95E-01,2.22E-01,1.00E+00,3.67E-01,3.01E-01,2.90E-01
GSK-1904529A,4.43E-01,6.42E-01,7.59E-01,6.25E-02,3.79E-01,5.86E-01,4.50E-01,4.76E-01,4.25E-01,6.00E-01,3.59E-01,5.66E-01,4.84E-01,3.99E-01,5.00E-01,4.21E-01,3.80E-01,4.67E-01,4.05E-01,3.73E-01,4.56E-01,5.07E-01,6.10E-01,5.10E-01,4.54E-01,5.56E-01,4.24E-01,4.38E-01,3.28E-01,5.06E-01,4.41E-01,4.83E-01,4.06E-01,4.60E-01,5.56E-01,4.94E-01,4.56E-01,4.23E-01,5.70E-01,4.76E-01,4.61E-01,3.47E-01,4.98E-01,5.96E-01,5.17E-01,5.83E-01,5.55E-01,3.78E-01,4.85E-01,5.27E-01,5.40E-01,3.28E-01,4.13E-01,4.88E-01,3.89E-01,4.62E-01,4.73E-01,4.66E-01,5.12E-01,6.08E-01,5.84E-01,4.34E-01,6.63E-01,7.59E-01,3.93E-01,3.87E-01,5.30E-01,6.49E-01,4.95E-01,4.98E-01,5.05E-01,5.49E-01,4.84E-01,3.92E-01,4.31E-01,4.14E-01,4.91E-01,3.65E-01,3.31E-01,4.54E-01,4.87E-01,4.11E-01,5.35E-01,4.68E-01,5.02E-01,6.07E-01,5.13E-01,3.10E-01,7.09E-01,4.35E-01,5.31E-01,4.45E-01,4.75E-01,2.88E-01,3.67E-01,1.00E+00,4.96E-01,4.49E-01
Tipifarnib,3.81E-01,5.13E-01,5.48E-01,6.25E-02,3.33E-01,4.50E-01,3.93E-01,4.60E-01,3.70E-01,4.53E-01,3.55E-01,4.21E-01,3.76E-01,3.38E-01,4.06E-01,4.03E-01,3.53E-01,4.12E-01,3.54E-01,3.44E-01,3.71E-01,4.16E-01,5.16E-01,4.47E-01,3.66E-01,4.29E-01,3.50E-01,3.50E-01,3.20E-01,4.06E-01,3.64E-01,4.39E-01,3.28E-01,4.01E-01,4.52E-01,3.69E-01,3.58E-01,4.18E-01,4.58E-01,3.95E-01,3.82E-01,3.55E-01,4.52E-01,4.95E-01,4.79E-01,4.65E-01,4.43E-01,3.13E-01,3.94E-01,4.41E-01,4.26E-01,3.14E-01,3.79E-01,4.02E-01,3.53E-01,4.51E-01,3.86E-01,3.92E-01,4.59E-01,4.76E-01,4.57E-01,3.60E-01,4.75E-01,5.49E-01,3.55E-01,3.31E-01,4.51E-01,5.15E-01,4.09E-01,4.09E-01,3.89E-01,4.27E-01,4.84E-01,3.44E-01,3.65E-01,3.43E-01,4.39E-01,3.48E-01,2.92E-01,4.20E-01,4.75E-01,4.12E-01,4.09E-01,3.70E-01,3.98E-01,4.56E-01,4.42E-01,2.74E-01,5.20E-01,3.84E-01,4.32E-01,3.73E-01,4.02E-01,2.97E-01,3.01E-01,4.96E-01,1.00E+00,3.93E-01
AS601245,3.31E-01,4.54E-01,4.99E-01,6.25E-02,3.04E-01,4.38E-01,3.17E-01,4.60E-01,3.25E-01,4.16E-01,3.50E-01,3.94E-01,3.48E-01,2.92E-01,3.57E-01,3.40E-01,3.29E-01,3.62E-01,3.03E-01,3.33E-01,3.49E-01,4.11E-01,4.27E-01,4.05E-01,3.38E-01,3.95E-01,3.21E-01,3.19E-01,3.09E-01,3.65E-01,3.30E-01,3.78E-01,3.22E-01,3.51E-01,3.92E-01,3.50E-01,3.48E-01,4.17E-01,4.16E-01,3.69E-01,3.39E-01,3.07E-01,3.82E-01,4.33E-01,3.86E-01,4.32E-01,3.89E-01,2.78E-01,3.63E-01,3.88E-01,3.94E-01,2.97E-01,3.39E-01,3.85E-01,3.28E-01,4.47E-01,3.40E-01,3.34E-01,4.13E-01,4.33E-01,4.13E-01,3.42E-01,4.47E-01,4.96E-01,3.30E-01,3.08E-01,3.87E-01,4.41E-01,3.77E-01,3.70E-01,3.59E-01,3.99E-01,4.86E-01,2.92E-01,3.35E-01,3.17E-01,3.57E-01,3.26E-01,2.59E-01,3.83E-01,4.63E-01,3.30E-01,3.89E-01,3.47E-01,3.65E-01,4.24E-01,3.94E-01,2.58E-01,4.77E-01,3.59E-01,3.91E-01,3.36E-01,3.59E-01,2.92E-01,2.90E-01,4.49E-01,3.93E-01,1.00E+00
